,NewsOrg,Tweets,Time,Compound Score,Positive Score,Negative Score,Neutral Score
0,BBC,"Could this be an answer to global water shortages? üèúüíß This machine creates water out of thin air. 

https://t.co/caz4nXMJg5",Sun Mar 25 19:44:01 +0000 2018,0.128,0.101,0.077,0.821
1,BBC,"Tonight, @regyates meets people whose lives have been devastated by the Grenfell fire. 

Reggie Yates: Searching fo‚Ä¶ https://t.co/HPgtcZuHte",Sun Mar 25 19:15:06 +0000 2018,-0.7506,0.0,0.286,0.714
2,BBC,"Tonight, @mcgregor_ewan and @McgColin celebrate the centenary of the Royal Air Force. 

RAF at 100 with Ewan and Co‚Ä¶ https://t.co/nF2iwBP51b",Sun Mar 25 18:40:04 +0000 2018,0.5719,0.163,0.0,0.837
3,BBC,The first ever statue of David Bowie has been unveiled in the town where he debuted Ziggy Stardust. ‚ö°Ô∏è‚Ä¶ https://t.co/lFgROYVkv1,Sun Mar 25 18:13:03 +0000 2018,0.0,0.0,0.0,1.0
4,BBC,"When you're enjoying being single and people just can't deal with it. üôÑüòÇ @kathbum #LiveAtTheApollo 

https://t.co/byHMHWyhPq",Sun Mar 25 17:30:07 +0000 2018,0.5267,0.185,0.0,0.815
5,BBC,"üá∫üá∏üèùüá¨üáß Welcome to Tangier Island, the tiny US island where people speak with a British accent.‚Ä¶ https://t.co/1RoM285gRJ",Sun Mar 25 15:03:03 +0000 2018,0.4588,0.167,0.0,0.833
6,BBC,"üí¨ We could listen to him speak all day. 

üìΩ Sir David Attenborough's voice was just as iconic in the 60s as it is t‚Ä¶ https://t.co/zYi3oK5C13",Sun Mar 25 14:30:02 +0000 2018,0.0,0.0,0.0,1.0
7,BBC,"Predictions suggest a build-up of about 80,000 tonnes of plastic in the Pacific Ocean is growing rapidly. ‚ôªÔ∏èüåäüíî‚Ä¶ https://t.co/uKD9BQWmUi",Sun Mar 25 14:09:03 +0000 2018,0.1779,0.091,0.0,0.909
8,BBC,"üëΩ‚ú®üõ∏ @prattprattpratt stars as a happy-go-lucky hero who joins forces with an unlikely group of aliens. 

Guardians‚Ä¶ https://t.co/B9W7kRZ1Qz",Sun Mar 25 13:03:04 +0000 2018,0.5574,0.184,0.0,0.816
9,BBC,"Weighing just 100g, a newborn panda is one 900th the size of its mum! üêºüíï #DavidAttenboroughsNaturalCuriosities https://t.co/nKLQh03DJs",Sun Mar 25 12:03:02 +0000 2018,0.0,0.0,0.0,1.0
10,BBC,üêüMeet SoFi - the soft robot fish developed by MIT to swim among real fish in coral reefs and around the ocean to he‚Ä¶ https://t.co/HDa7q7WsHf,Sun Mar 25 10:30:04 +0000 2018,0.0,0.0,0.0,1.0
11,BBC,"Ever wondered what made you feel moody? It might be your gut.

üëâ https://t.co/l8oMv5gPN2 https://t.co/vq2yhtBOAn",Sun Mar 25 09:30:15 +0000 2018,-0.3612,0.0,0.161,0.839
12,BBC,"RT @BBCScotland: Up your brunch game with perfect poached eggs.

via @bbcthesocial https://t.co/1imXNeOZ9d",Sun Mar 25 08:43:31 +0000 2018,0.5719,0.236,0.0,0.764
13,BBC,"RT @bbcweather: #Winter may not be done with us yet, as colder continental air fights back against milder maritime air across the UK this w‚Ä¶",Sun Mar 25 08:43:26 +0000 2018,-0.4019,0.0,0.101,0.899
14,BBC,RT @BBCSport: A simply astonishing confession from Australia captain Steve Smith and batsman Cameron Bancroft üò≥ https://t.co/YaE7fBZamq,Sun Mar 25 08:43:22 +0000 2018,0.0,0.0,0.0,1.0
15,BBC,A woman who drinks 30 cans a day says her addiction to energy drinks is worse than gambling.‚Ä¶ https://t.co/d11ATW0F0f,Sun Mar 25 08:00:12 +0000 2018,-0.25,0.104,0.153,0.743
16,BBC,You learn something new every day. Here's how to poo a baby jaguar. ü§∑üí©#BigCatsAboutTheHouse https://t.co/Eg5rF1414b,Sun Mar 25 07:34:02 +0000 2018,0.0,0.0,0.0,1.0
17,BBC,When the clocks have gone forward but there's no way you're getting out of bed yet. üôÖ‚Äç‚ôÇÔ∏è‚è∞#DaylightSavings https://t.co/cHBPV3ITsQ,Sun Mar 25 07:02:00 +0000 2018,-0.4215,0.0,0.141,0.859
18,BBC,"""I still see people screaming for help.""

This Sunday at 9pm on @BBCTwo, @REGYATES meets the people whose lives wer‚Ä¶ https://t.co/RS16yXF17H",Sat Mar 24 20:34:01 +0000 2018,-0.3818,0.0,0.115,0.885
19,BBC,"The story of the last decade of Picasso's life, through the words of family and friends. üé®

Picasso's Last Stand |‚Ä¶ https://t.co/RyiuI8KgSk",Sat Mar 24 20:00:11 +0000 2018,0.4767,0.134,0.0,0.866
20,BBC,"""Beauty is your inside, it's your personality and what shines from beneath."" 

25-year-old rapper Paigey Cakey had‚Ä¶ https://t.co/CVGr69Y0oO",Sat Mar 24 19:16:04 +0000 2018,0.5859,0.183,0.0,0.817
21,BBC,Cambridge have won the men's and women's Boat Races. https://t.co/COTzXYuo4N üèÜ üö£ #BoatRace2018 https://t.co/6SQjF1ToSt,Sat Mar 24 18:44:04 +0000 2018,0.5719,0.252,0.0,0.748
22,BBC,"üì∫üòÇ @RomeshRanga is NOT a fan of Gogglebox. #LiveAtTheApollo
https://t.co/FHm9g6Emss",Sat Mar 24 18:02:01 +0000 2018,0.3182,0.223,0.0,0.777
23,BBC,"When proposals go wrong... üò≥üíç #Doodlebugs 
https://t.co/8Yi6giWO3S",Sat Mar 24 17:01:01 +0000 2018,0.0,0.0,0.0,1.0
24,BBC,"Writer Sara Maitland has lived alone in rural Scotland for 20 years. 

Here are seven valuable life lessons we can‚Ä¶ https://t.co/2eAqUlnwuA",Sat Mar 24 15:30:10 +0000 2018,0.2732,0.129,0.083,0.788
25,BBC,ü§≥How an Instagram video lost me my dream job in fashion: https://t.co/72yWgHdc1k https://t.co/fl3DxMcIL5,Sat Mar 24 15:00:06 +0000 2018,-0.0772,0.131,0.15,0.719
26,BBC,üö£ @clarebalding is live from the River Thames as @UniofOxford and @Cambridge_Uni  meet for one of the most iconic e‚Ä¶ https://t.co/Ls9rtIYov4,Sat Mar 24 14:01:47 +0000 2018,0.0,0.0,0.0,1.0
27,BBC,RT @bbcthree: The barber helping men with dementia relive their younger lives. https://t.co/p8axQVK836,Sat Mar 24 14:01:32 +0000 2018,0.296,0.155,0.0,0.845
28,BBC,"Which animals are likely to become extinct in your lifetime? ü¶èüíî
https://t.co/9KwlmcNrWV",Sat Mar 24 13:03:01 +0000 2018,0.0,0.0,0.0,1.0
29,BBC,"Don't miss the highlights from the Gymnastics World Cup! ü§∏ü§∏‚Äç‚ôÄÔ∏èüá¨üáß

World Cup Gymnastics | @BBCOne | 2:05pm |‚Ä¶ https://t.co/7mpufyeEMo",Sat Mar 24 12:33:04 +0000 2018,0.1867,0.098,0.0,0.902
30,BBC,"How much do you know about horses? Take this quiz to see if you are an equestrian expert‚Ä¶üê¥

https://t.co/ChGCB9Xi1W https://t.co/P9UgJ99nsx",Sat Mar 24 11:29:04 +0000 2018,0.0,0.0,0.0,1.0
31,BBC,"Meet Hester, the 10-year-old visually impaired skier who's hoping for Paralympic gold one day. ‚õ∑ü•áhttps://t.co/6aiUaTc3yS",Sat Mar 24 10:31:01 +0000 2018,0.4215,0.167,0.0,0.833
32,BBC,"""The enthusiastic viewer should feel he is almost the man on the spot!"" 

In 1949, the BBC announced it would telev‚Ä¶ https://t.co/WEoPpkrW1V",Sat Mar 24 10:03:01 +0000 2018,0.5411,0.143,0.0,0.857
33,BBC,RT @BBCNewsNI: Prince Harry and Meghan Markle are visiting Northern Ireland https://t.co/ODxLd1LIr8 https://t.co/s0zPTXj3Tk,Sat Mar 24 09:42:34 +0000 2018,0.0,0.0,0.0,1.0
34,BBC,"RT @bbcf1: Lewis Hamilton took the first pole of the season in spectacular style ‚ö°Ô∏è

https://t.co/a7YDOx0FlQ",Sat Mar 24 09:32:59 +0000 2018,0.0,0.0,0.0,1.0
35,BBC,"RT @sportrelief: A humongous THANK YOU to everyone who has taken part, fund-raised &amp; watched over the past weeks &amp; tonight. The #SportRelie‚Ä¶",Sat Mar 24 09:31:30 +0000 2018,0.4995,0.133,0.0,0.867
36,BBC,RT @sportrelief: The nation has joined together for this year's #SportRelief pulling out all the stops to make their steps count. Well done‚Ä¶,Sat Mar 24 09:31:26 +0000 2018,0.128,0.085,0.065,0.85
37,BBC,ü•ëA Cultural history of the avocado: https://t.co/jo1UyWlVw7 https://t.co/7VF6pBpG57,Sat Mar 24 09:30:13 +0000 2018,0.0,0.0,0.0,1.0
38,BBC,"Meet Alexandre, one of the only male performers of ‚Äòbaladi‚Äô ‚Äì also known as belly dancing ‚Äì in the Middle East. üé∂

 https://t.co/K12N1Y6PU7",Sat Mar 24 08:33:02 +0000 2018,0.0,0.0,0.0,1.0
39,BBC,"RT @BBCOne: .@GaryLineker, @OreOduba, @ThisisDavina &amp; more kick off the biggest ever night of #SportRelief now on @bbcone. @sportrelief 
Fo‚Ä¶",Fri Mar 23 19:07:00 +0000 2018,0.0,0.0,0.0,1.0
40,BBC,From @taylorswift13 to @Beyonce: these are the secretive musicians who avoid interviews. üé§ü§ê https://t.co/nqOmaVMzoo https://t.co/sbDga7L5cp,Fri Mar 23 18:03:04 +0000 2018,-0.296,0.0,0.136,0.864
41,BBC,"Tonight, @GaryLineker, @ThisisDavina and @OreOduba kick off the biggest ever night of @sportrelief! Ô∏è‚öΩÔ∏è‚ú®üö¥üéâ‚Ä¶ https://t.co/tgbpC76heP",Fri Mar 23 17:33:03 +0000 2018,0.0,0.0,0.0,1.0
42,BBC,"Your week, as told by @louistheroux. üìÜüòÇ
https://t.co/Ae6bDBpIBW",Fri Mar 23 17:02:01 +0000 2018,0.0,0.0,0.0,1.0
43,BBC,"RT @BBCWales: A #DanceForParkinsons session with @ndcwales for @GetCreativeUK in #Cardiff this week 

Find out what‚Äôs happening on the fina‚Ä¶",Fri Mar 23 16:27:45 +0000 2018,0.0,0.0,0.0,1.0
44,BBC,"Meet Australian maths teacher Eddie Woo, who has won fans worldwide with his high-energy lessons, posted on YouTube‚Ä¶ https://t.co/vTfNDZzA3b",Fri Mar 23 16:00:12 +0000 2018,0.7783,0.286,0.0,0.714
45,BBC,"RT @BBCOne: No @andy_murray, this is not a dream. @GeriHalliwell really IS in your bedroom making you sing Spice Girls songs üé§

@sportrelie‚Ä¶",Fri Mar 23 14:33:40 +0000 2018,-0.4479,0.0,0.172,0.828
46,BBC,These beautiful photographs reveal how refugees in Tyneside have turned to the healing powers of gardening. üåøüì∏‚Ä¶ https://t.co/2gq0t9FnIR,Fri Mar 23 14:03:08 +0000 2018,0.5994,0.187,0.0,0.813
47,BBC,"How would you react if you woke up and found Michael McIntyre and Peppa Pig in your bedroom? 

Poor @AndyMurray‚Ä¶

S‚Ä¶ https://t.co/7ZP0hUYeKr",Fri Mar 23 14:00:02 +0000 2018,-0.4767,0.0,0.129,0.871
48,BBC,Spring is here! üå±üå∏ü•¶ Make the most of seasonal ingredients with these delicious soup recipes. https://t.co/fXp7eJXoJc https://t.co/hA1b2bdSrd,Fri Mar 23 13:33:04 +0000 2018,0.6114,0.2,0.0,0.8
49,BBC,"Want to get creative this weekend? Here's how to make a hooky rug. 
#MakeCraftBritain 
https://t.co/uqibyP09s7",Fri Mar 23 13:03:02 +0000 2018,0.4939,0.259,0.0,0.741
50,BBC,RT @BBCSport: He was one of English football's first black players and the British Army's first ever black officer to command white troops.‚Ä¶,Fri Mar 23 11:42:55 +0000 2018,0.0,0.0,0.0,1.0
51,BBC,RT @BBCRadio2: üëª ‚ÄúI thought the script was really frightening and original.‚Äù Martin Freeman chats to @achrisevans about his creepy new film‚Ä¶,Fri Mar 23 11:42:51 +0000 2018,-0.2006,0.107,0.139,0.754
52,BBC,RT @BBCTwo: Our entire weekend plans. üò¥üëá #BigCatsAboutTheHouse https://t.co/vl0zUcCdmI,Fri Mar 23 11:42:48 +0000 2018,0.0,0.0,0.0,1.0
53,BBC,"RT @sportrelief: It looks like #TeamGryffindor are storming ahead in the #HogwartsLeague in the #SportRelief app. 

#TeamHufflepuff, #TeamS‚Ä¶",Fri Mar 23 11:42:43 +0000 2018,0.3612,0.128,0.0,0.872
54,BBC,‚òïÔ∏èüç∞Some blueberry muffins sold by cafes and supermarkets contain more than the recommended daily intake of sugar fo‚Ä¶ https://t.co/9bh6K8aMH2,Fri Mar 23 11:30:05 +0000 2018,0.2648,0.103,0.0,0.897
55,BBC,"Friday night is CELEBRITY FIGHT NIGHT! ü•äü•ä

Who'll be victorious? Tune in to #SportRelief to find out!

https://t.co/9ZhgNGmxOD",Fri Mar 23 10:33:01 +0000 2018,-0.6016,0.0,0.187,0.813
56,BBC,"Scrolling through headlines, the world can feel like a pretty dark place. So here are nine reasons to be happy. üòä üéâ‚Ä¶ https://t.co/KrNoB0qaqC",Fri Mar 23 10:03:03 +0000 2018,0.8555,0.343,0.0,0.657
57,BBC,"Would you want secret helpers like these to help you out in nerve-wracking situations? #TheSecretHelpers 
https://t.co/ua2X4vxKR3",Fri Mar 23 09:30:03 +0000 2018,0.765,0.417,0.0,0.583
58,BBC,"Meet the first polar bear cub to be born in the UK in 25 years. üòç
https://t.co/njq1r6eONE",Fri Mar 23 08:33:01 +0000 2018,0.0,0.0,0.0,1.0
59,BBC,"RT @BBCOne: All hail queen Kat! üôåüëë 

#EastEnders @BBCEastenders https://t.co/PLmAc53L6t",Thu Mar 22 21:39:27 +0000 2018,0.1511,0.15,0.0,0.85
60,BBC,"Istanbul's Blue Mosque looks spectacular. @wmarybeard looks at the art, meaning and significance of calligraphy the‚Ä¶ https://t.co/Mv3voUkcvc",Thu Mar 22 21:30:01 +0000 2018,0.2732,0.116,0.0,0.884
61,BBC,üñã The artist reimagining Islamic calligraphy for the 21st Century: https://t.co/wgbVwZLDEa #Civilisations https://t.co/nxW6Sokjdn,Thu Mar 22 21:20:05 +0000 2018,0.0,0.0,0.0,1.0
62,BBC,"In 1918, the very first signs of the Spanish Flu pandemic were kept under wraps. So how did the deadly illness get‚Ä¶ https://t.co/zuZryXLihL",Thu Mar 22 20:30:01 +0000 2018,-0.6486,0.0,0.202,0.798
63,BBC,Go behind-the-scenes at @TheBigCatSanct where expert Giles Clark is hand-rearing a jaguar cub. üêæ‚Ä¶ https://t.co/0hDQP6X1wA,Thu Mar 22 19:04:04 +0000 2018,0.0,0.0,0.0,1.0
64,BBC,"Tai chi has been recommended to help people with the chronic pain condition fibromyalgia. 

https://t.co/uYDlKfWbt7 https://t.co/Y7P9ceP82j",Thu Mar 22 18:30:09 +0000 2018,0.0516,0.216,0.159,0.625
65,BBC,"The cost of living alone, rather than living as a couple, is more than ¬£1000 a year. üíîüè†

This is the price of being‚Ä¶ https://t.co/udzI9xGci6",Thu Mar 22 17:33:04 +0000 2018,-0.25,0.0,0.083,0.917
66,BBC,.@ManUtd have applied to have a professional women's team. ‚öΩÔ∏è https://t.co/rxzdRsDhUd https://t.co/meO65NRCtm,Thu Mar 22 17:03:54 +0000 2018,0.0,0.0,0.0,1.0
67,BBC,"Worried about your impact on the planet? üåçüíö

This is how to make your next holiday more eco-friendly. ‚ôªÔ∏èüå¥

üëâ‚Ä¶ https://t.co/wCmDZJledV",Thu Mar 22 17:03:05 +0000 2018,0.128,0.113,0.092,0.795
68,BBC,"Think twice before you throw your kitchen waste in the bin! Here's how to grow plants from kitchen scraps. ü•ïü•îüçé

üëâ‚Ä¶ https://t.co/MMgrC8yseG",Thu Mar 22 16:04:06 +0000 2018,-0.4753,0.0,0.128,0.872
69,BBC,"RT @mixital: üó°Ô∏èNew #DoctorWho writing challenge!üó°Ô∏è
Write a story featuring Rory Williams! Share it with us here: https://t.co/zW42ZnvJnc

#‚Ä¶",Thu Mar 22 15:00:43 +0000 2018,0.4184,0.141,0.0,0.859
70,BBC,"Could you name the disaster that killed the most people in the last 100 years?

Contagion! The BBC Four Pandemic |‚Ä¶ https://t.co/10zHfD8PHT",Thu Mar 22 15:00:01 +0000 2018,-0.9168,0.0,0.385,0.615
71,BBC,"üé∂Some musicians love doing them, others don‚Äôt.

Seven secretive musicians who like to avoid interviews:‚Ä¶ https://t.co/7Rm55Ddynj",Thu Mar 22 14:30:10 +0000 2018,0.6705,0.306,0.1,0.594
72,BBC,"RT @BBCEarth: Today is #WorldWaterDay. This teen has an ingenious way to test the safety of water around the world 
@BBC_Future https://t.c‚Ä¶",Thu Mar 22 13:53:48 +0000 2018,0.4215,0.118,0.0,0.882
73,BBC,"Has @chrishughes_22 read any of his own book? üòÇü§¶

Here's what he confessed when he took on @BBCR1's fake lie detect‚Ä¶ https://t.co/tVaKesbKQ1",Thu Mar 22 13:33:04 +0000 2018,-0.4767,0.0,0.129,0.871
74,BBC,Secret Universe: The Hidden Life of the Cell is on @BBCFOUR tonight at 8pm. üî¨ https://t.co/PVf4thZOb3,Thu Mar 22 13:14:13 +0000 2018,0.0,0.0,0.0,1.0
75,BBC,A battle is raging in your body right now. This is how the TRIM 21 protein defends your cells from viruses. https://t.co/XUAPbRS4j5,Thu Mar 22 13:02:00 +0000 2018,-0.7184,0.0,0.24,0.76
76,BBC,"üé∂üé§Footloose, Fleetwood Mac's Rumours and Le Freak are among the classic records about to enter the US National Reco‚Ä¶ https://t.co/gDLNOmNLhY",Thu Mar 22 12:30:10 +0000 2018,-0.4404,0.0,0.132,0.868
77,BBC,"Meet the five artists who have been shortlisted for the ¬£30,000 Hepworth sculpture award. https://t.co/1UGe2zQlDT https://t.co/MwWxUZWAhs",Thu Mar 22 11:30:17 +0000 2018,0.5423,0.189,0.0,0.811
78,BBC,"RT @bbcwritersroom: Check out an interview with the #writer of #TheAssassinationofGianniVersace @tomrobsmith on our blog
https://t.co/m5rty‚Ä¶",Thu Mar 22 10:58:34 +0000 2018,0.0,0.0,0.0,1.0
79,BBC,RT @bbcthree: 'I was the only female in a violent all-male gang' https://t.co/NjF720J71M https://t.co/k7T0PqyuiG,Thu Mar 22 10:49:54 +0000 2018,-0.5994,0.0,0.245,0.755
80,BBC,üì±Can social media stop you getting a job? https://t.co/M9uTa8vMHA https://t.co/LwXJCGgW0b,Thu Mar 22 10:30:09 +0000 2018,-0.296,0.0,0.216,0.784
81,BBC,RT @bbcpress: 50 classic cookery shows served up on @BBCiPlayer this Easter: https://t.co/RbyjFq6Dsj https://t.co/Hvt1m1dhpU,Thu Mar 22 09:54:21 +0000 2018,0.0,0.0,0.0,1.0
82,BBC,"Come on, who doesn't say ""xylophone"" on a daily basis? üòÇüìö@daraobriain #LiveAtTheApollo

https://t.co/5k1yKuwpzA",Thu Mar 22 09:33:03 +0000 2018,0.0,0.0,0.0,1.0
83,BBC,"Tantrums are inevitable... üòæüò≥This is how you raise a baby jaguar. #BigCatsAboutTheHouse

https://t.co/4mBf6xmvOr",Thu Mar 22 08:33:02 +0000 2018,-0.3612,0.0,0.185,0.815
84,BBC,"RT @BBCSport: John Bishop‚Äôs on a one man mission to World Cup victory for @SportRelief!

Keep an eye out here for Geoff Hurst's 'dab' üò≥ü§£üôå‚Ä¶",Wed Mar 21 20:56:41 +0000 2018,0.0,0.0,0.0,1.0
85,BBC,"""I felt vulnerable but now I feel empowered.‚Äù

25-year-old rapper Paigey Cakey had a hair transplant after her hair‚Ä¶ https://t.co/fGoueTbzyQ",Wed Mar 21 20:51:06 +0000 2018,-0.1154,0.0,0.079,0.921
86,BBC,"Watch as @ZoeTheBall attempts to cycle over 300 miles, to raise awareness about mental health and raise money for‚Ä¶ https://t.co/qGcCT8wLSt",Wed Mar 21 20:03:04 +0000 2018,0.0,0.0,0.0,1.0
87,BBC,"Who were my parents - and why was I left on a hillside to die? 

After a life full of questions, Anthea finally has‚Ä¶ https://t.co/5fEma0vgfw",Wed Mar 21 19:03:04 +0000 2018,-0.5994,0.0,0.163,0.837
88,BBC,"üòçüç´You really can't go wrong with a recipe from Mary Berry. 

‚ù§Ô∏èÔ∏èüç∞ Here are some of @BBCFood's favourites. üëâ‚Ä¶ https://t.co/svyK73KV0o",Wed Mar 21 17:03:04 +0000 2018,0.4249,0.135,0.0,0.865
89,BBC,"Is it too late to save the oceans from plastic? ü¶à

Go behind the scenes of the documentary Sir David Attenborough c‚Ä¶ https://t.co/SjXbB6OZAN",Wed Mar 21 16:30:07 +0000 2018,0.4939,0.132,0.0,0.868
90,BBC,"RT @bbcmusic: Anne-Marie, Kylie Minogue, Ladysmith Black Mambazo and more have been added to the lineup for The Queen's Birthday Party conc‚Ä¶",Wed Mar 21 16:29:54 +0000 2018,0.4019,0.114,0.0,0.886
91,BBC,"Fictional locations such as Narnia, Gotham City and Neverland have mysteriously appeared on road signs in Oxfordshi‚Ä¶ https://t.co/3NzQqfNNux",Wed Mar 21 15:59:03 +0000 2018,0.0,0.0,0.0,1.0
92,BBC,"üé∂ Did you know that @DBtodomundo was asked to leave his school choir? 

üìª Here are 11 things we learned from the Ta‚Ä¶ https://t.co/tusEZQgIbG",Wed Mar 21 14:03:03 +0000 2018,-0.0516,0.0,0.054,0.946
93,BBC,What did students think when the BBC transported them to places they never thought possible? #ForReal‚Ä¶ https://t.co/KFgZaE3PXi,Wed Mar 21 13:30:02 +0000 2018,0.0,0.0,0.0,1.0
94,BBC,"Almost 1,000 sausage dogs have taken part in a dachshund dash! üê∂‚ù§Ô∏èÔ∏èüêæ

https://t.co/SMYaziJUrq",Wed Mar 21 13:03:01 +0000 2018,0.0,0.0,0.0,1.0
95,BBC,"Ruben is a star of @cbbc's #TheDumpingGround and has Down's Syndrome.

Growing up with a disability could have been‚Ä¶ https://t.co/lNo1Pa2wTu",Wed Mar 21 12:33:01 +0000 2018,0.1779,0.091,0.0,0.909
96,BBC,The annual Marmalade Festival held at the weekend is one of the UK's many festivals dedicated solely to a particula‚Ä¶ https://t.co/I75Ufx17Gq,Wed Mar 21 11:46:05 +0000 2018,0.8271,0.339,0.0,0.661
97,BBC,"Spring has officially sprung! üå∫üå∑üå∏üå±üåª

https://t.co/fAZSeVV8Oo",Wed Mar 21 11:03:01 +0000 2018,0.0,0.0,0.0,1.0
98,BBC,"""I've just had a haircut so I now look ninety-nine-and-a-half!"" üíÅüéâ‚ù§Ô∏èÔ∏è

A 100-year-old called Sadie has shared the s‚Ä¶ https://t.co/X9QbWw0Ey0",Wed Mar 21 10:03:03 +0000 2018,0.4003,0.144,0.0,0.856
99,BBC,"RT @BBC_Teach: On #WorldPoetryDay let us know which your class‚Äô favourite poem and/or poet?

Is it one of these? üëáüëâ¬†https://t.co/qtn7IPXDFH‚Ä¶",Wed Mar 21 09:58:25 +0000 2018,0.0,0.0,0.0,1.0
100,CBS,Don‚Äôt miss a minute of the action. Stream the¬†Elite Eight¬Æ¬†games LIVE today starting at 2PM ET with a FREE trial of‚Ä¶ https://t.co/8NwU8HdiHR,Sun Mar 25 17:15:25 +0000 2018,0.5319,0.157,0.062,0.78
101,CBS,RT @MomCBS: That's a wrap on the #Mom panel at #PaleyFest! Thanks for following along! https://t.co/we4JgqPt6P,Sat Mar 24 22:46:53 +0000 2018,0.5399,0.199,0.0,0.801
102,CBS,RT @MomCBS: A fan just commented that #Mom helped bring him out of a deep depression. üíúüíúüíú #PaleyFest,Sat Mar 24 22:46:43 +0000 2018,-0.34,0.115,0.185,0.7
103,CBS,"RT @MomCBS: ""Go out for it anyway. If you're good for the role, you're good for the role."" @theJaimePressly's advice for aspiring actors wi‚Ä¶",Sat Mar 24 22:25:03 +0000 2018,0.7003,0.209,0.0,0.791
104,CBS,RT @MomCBS: Mom Co-Creator @GemmaRBaker just pointed out her own #Mom in the audience at #PaleyFest! üíú,Sat Mar 24 22:21:37 +0000 2018,0.0,0.0,0.0,1.0
105,CBS,"RT @MomCBS: ""I'm not someone in recovery who goes to AA, but I have taken so much away from it...to take one day at a time."" - @theJaimePre‚Ä¶",Sat Mar 24 22:21:34 +0000 2018,0.0,0.0,0.0,1.0
106,CBS,"RT @MomCBS: ""You get to appreciate working with such talented people."" - @AnnaKFaris #Mom #PaleyFest",Sat Mar 24 22:21:26 +0000 2018,0.7184,0.333,0.0,0.667
107,CBS,RT @MomCBS: ‚ÄúI love this job. I love working with these women. I love working in front of the live audience‚Ä¶ It‚Äôs alive and it‚Äôs fun.‚Äù - @A‚Ä¶,Sat Mar 24 22:21:23 +0000 2018,0.9451,0.42,0.0,0.58
108,CBS,"Get on your feet for @Jason_Aldean, @ThomasRhett, @ChrisStapleton, @KeithUrban, and @ChrisYoungMusic, the five nomi‚Ä¶ https://t.co/oT5ogjdj4x",Sat Mar 24 20:00:02 +0000 2018,0.0,0.0,0.0,1.0
109,CBS,Get ready for some sweet games! Stream #5 Clemson vs #1 Kansas LIVE at 7PM ET and #11 Syracuse vs #2 Duke LIVE at 9‚Ä¶ https://t.co/4WstgrKNnW,Fri Mar 23 22:33:52 +0000 2018,0.6996,0.194,0.0,0.806
110,CBS,RT @SEALTeamCBS: In honor of #NationalPuppyDay... üòç #SEALTeam https://t.co/4mIZPpiRlU,Fri Mar 23 22:33:04 +0000 2018,0.4939,0.314,0.0,0.686
111,CBS,"RT @HawaiiFive0CBS: Nothing like a man and his dog! üòçüê∂ Happy #NationalPuppyDay to Eddie, the best pup on the Five-0 Task Force! #H50 https:‚Ä¶",Fri Mar 23 22:32:48 +0000 2018,0.8997,0.355,0.0,0.645
112,CBS,Game on! 16 teams left and the race to the finish continues tonight. Stream #11 Loyola-Chicago vs #7 Nevada LIVE at‚Ä¶ https://t.co/W374rmzzoC,Thu Mar 22 22:10:29 +0000 2018,0.0,0.0,0.0,1.0
113,CBS,Save the date! These are season finales you do NOT want to miss. RT if you're excited! https://t.co/UUQoWsPPSh https://t.co/cDl4WmxMtU,Thu Mar 22 20:52:02 +0000 2018,0.7081,0.311,0.066,0.623
114,CBS,Congratulations to all of the @CBSDaytime nominees for the #DaytimeEmmys! See the full list of #DaytimeEmmy nominee‚Ä¶ https://t.co/ivJVJWvfsf,Thu Mar 22 00:23:38 +0000 2018,0.636,0.198,0.0,0.802
115,CBS,Female Vocalist Of The Year nominee @MarenMorris will show her fans how it‚Äôs done when she takes the stage to showc‚Ä¶ https://t.co/PITjmAoFT8,Wed Mar 21 18:00:01 +0000 2018,0.0,0.0,0.0,1.0
116,CBS,The legendary @Reba returns to host the 53rd #ACMawards and she‚Äôs proving just how comfortable she is behind the mi‚Ä¶ https://t.co/XPXcSPRXqC,Tue Mar 20 20:00:01 +0000 2018,0.5106,0.142,0.0,0.858
117,CBS,RT @nancyodell: Told my daughter I'd be presenting at @ACMawards again this year. (Woot woot!We both luv country music!)She took this pic o‚Ä¶,Tue Mar 20 17:58:43 +0000 2018,0.0,0.0,0.0,1.0
118,CBS,RT @ladyantebellum: Ecstatic to announce we'll be performing at the #ACMawards in Las Vegas again this year! https://t.co/Qfhs94j6FR,Tue Mar 20 16:52:42 +0000 2018,0.5562,0.174,0.0,0.826
119,CBS,"Country superstars @kennychesney, @ladyantebellum, @blakeshelton, and @KeithUrban have just been added to the stell‚Ä¶ https://t.co/bJ4If7MacP",Tue Mar 20 16:11:00 +0000 2018,0.0,0.0,0.0,1.0
120,CBS,"RT @YandR_CBS: Forever evolving, Forever inspiring, Forever Young and Restless. ‚ù§Ô∏è Get ready to celebrate 45 years of #YR starting in just‚Ä¶",Mon Mar 19 21:02:26 +0000 2018,0.7845,0.309,0.072,0.619
121,CBS,New start times in East/Central Time Zones: #60Minutes 7:37ET/6:37CT #Instinct series premiere 8:37ET/7:37CT‚Ä¶ https://t.co/xT3YKqmu2M,Sun Mar 18 23:44:30 +0000 2018,0.0,0.0,0.0,1.0
122,CBS,Spend your Sunday streaming Second Round games LIVE with a FREE trial of CBS All Access! https://t.co/3P85rXLy4b https://t.co/zbWfirD9Ju,Sun Mar 18 18:05:43 +0000 2018,0.6514,0.213,0.0,0.787
123,CBS,"RT @instinctcbs: TONIGHT, Dr. Dylan Reinhart rewrites the book on abnormal behavior. Don't miss the premiere of #Instinct at 8/7c! https://‚Ä¶",Sun Mar 18 17:09:53 +0000 2018,0.1867,0.08,0.0,0.92
124,CBS,"If any duo knows how to rock the stage, it's @FLAGALine. The Vocal Duo Of The Year nominee will perform live at the‚Ä¶ https://t.co/FknabB8NQp",Sat Mar 17 19:00:02 +0000 2018,0.0,0.0,0.0,1.0
125,CBS,How is your bracket looking after last night? Stream Second Round games LIVE today with a FREE trial of CBS All Acc‚Ä¶ https://t.co/25JlIpgwog,Sat Mar 17 17:42:43 +0000 2018,0.6166,0.161,0.0,0.839
126,CBS,Where better to spend #StPatricksDay than the place everybody knows your name? It‚Äôs just your luck that every singl‚Ä¶ https://t.co/Fom5wmdENL,Sat Mar 17 14:00:03 +0000 2018,0.7096,0.247,0.0,0.753
127,CBS,Stars @JakeMcDorman and Nik Dodani will join the cast in the upcoming revival of Murphy Brown coming to CBS.‚Ä¶ https://t.co/JCAx29lo0i,Fri Mar 16 22:53:21 +0000 2018,0.296,0.104,0.0,0.896
128,CBS,"RT @thegoodfight: Go behind the scenes with costume designer @DanLawsonStyle in ""Behind The Style,"" a new weekly video series all about the‚Ä¶",Fri Mar 16 18:15:53 +0000 2018,0.0,0.0,0.0,1.0
129,CBS,The games have just begun! Continue to stream First Round games LIVE today with a FREE trial of CBS All Access:‚Ä¶ https://t.co/YTGsJ48zYP,Fri Mar 16 16:28:40 +0000 2018,0.6514,0.178,0.0,0.822
130,CBS,"RT @TheTalkCBS: You asked, we answered! The fun never ends when the ladies #KeepTalking and answer your fan questions üó£üí¨‚û°Ô∏è https://t.co/ie1‚Ä¶",Thu Mar 15 17:54:06 +0000 2018,0.7088,0.237,0.0,0.763
131,CBS,RT @instinctcbs: Dr. Dylan Reinhart is lured back into the field from his life of quiet academia when a certain serial killer makes things‚Ä¶,Thu Mar 15 17:20:26 +0000 2018,-0.4939,0.077,0.157,0.766
132,CBS,Stream First Round games LIVE today starting at 12PM ET with a FREE trial of CBS All Access! https://t.co/3P85rXLy4b https://t.co/vZow3YD8cb,Thu Mar 15 16:42:41 +0000 2018,0.6514,0.194,0.0,0.806
133,CBS,RT @CBSSports: It's the most wonderful time of the year. #MarchMadness https://t.co/e4c9qohqSR,Thu Mar 15 14:32:16 +0000 2018,0.6115,0.266,0.0,0.734
134,CBS,"Give these ladies some love! @Lauren_Alaina, @DBradbery, @carlypearce, and @RaeLynn are nominated for New Female Vo‚Ä¶ https://t.co/IVhwURfJ3S",Wed Mar 14 19:30:01 +0000 2018,0.6696,0.219,0.0,0.781
135,CBS,"RT @ManWithAPlan: Hungry for more #ManWithAPlan bloopers and behind-the-scenes videos featuring cast like @matt_leblanc, @thelizasnyder, @k‚Ä¶",Tue Mar 13 18:48:52 +0000 2018,0.3612,0.143,0.0,0.857
136,CBS,"Music stars @MileyCyrus, @edsheeran, @ladygaga, and more will honor the legendary @eltonofficial and his hit songs‚Ä¶ https://t.co/UzxARCCLnI",Tue Mar 13 14:15:10 +0000 2018,0.539,0.179,0.0,0.821
137,CBS,RT @thegoodfight: The verdict is in. The new season of #TheGoodFight is üî•üî•üî•! Stream it now on CBS All Access: https://t.co/FkYSNSXlRb https‚Ä¶,Mon Mar 12 18:13:28 +0000 2018,0.2244,0.083,0.0,0.917
138,CBS,"RT @MadamSecretary: In less than an hour, #MadamSecretary's Keith Carradine will be taking over the @MadamSecretary Twitter page! Tweet alo‚Ä¶",Mon Mar 12 01:20:43 +0000 2018,0.0,0.0,0.0,1.0
139,CBS,RT @DierksBentley: Take and post a photo of the woman in your life who inspires you daily! Use the hashtag #WomanAmenACM in your post for a‚Ä¶,Fri Mar 09 22:48:26 +0000 2018,0.4926,0.117,0.0,0.883
140,CBS,"RT @MomCBS: If you missed guest star @KChenoweth in the latest episode of #Mom, not to worry! Watch now: https://t.co/RlvXoGOZ0l https://t.‚Ä¶",Fri Mar 09 22:24:20 +0000 2018,0.1275,0.113,0.092,0.795
141,CBS,"Give a round of applause to @KelseaBallerini, @MirandaLambert, @Reba, @MarenMorris, and @CarrieUnderwood, the five‚Ä¶ https://t.co/Ncp1BTXx6N",Fri Mar 09 21:10:21 +0000 2018,0.4215,0.177,0.0,0.823
142,CBS,"RT @thegoodfight: Smart, sexy, and sophisticated. See what's coming this season on #TheGoodFight. https://t.co/CuKhx2G50P https://t.co/ygTI‚Ä¶",Fri Mar 09 18:27:28 +0000 2018,0.8658,0.447,0.0,0.553
143,CBS,RT @BlueBloods_CBS: Even stand-up guys fall down sometimes. #BlueBloods is new tonight at 10/9c! https://t.co/UOlDm22wWW,Fri Mar 09 16:02:27 +0000 2018,0.0,0.0,0.0,1.0
144,CBS,Today and every day we celebrate the women in our lives who empower and inspire us. Share a story about an¬†influent‚Ä¶ https://t.co/9rVtqrElvT,Thu Mar 08 18:00:49 +0000 2018,0.8625,0.336,0.0,0.664
145,CBS,Take and post a photo of the woman in your life who inspires you daily! Use the hashtag #WomanAmenACM in your post‚Ä¶ https://t.co/7ShhvE48zy,Thu Mar 08 17:03:04 +0000 2018,0.4926,0.132,0.0,0.868
146,CBS,"RT @thegoodfight: Meticulously constructed. Soapy &amp; sexy. Intoxicating, savage television. üî• Here's what critics are saying about #TheGoodF‚Ä¶",Wed Mar 07 18:39:10 +0000 2018,-0.2023,0.15,0.23,0.619
147,CBS,"This just in! @Jason_Aldean, @mirandalambert, @LukeBryanOnline, and many more are set to perform at the 53rd Academ‚Ä¶ https://t.co/mfxw2VxzU4",Wed Mar 07 17:06:02 +0000 2018,0.0,0.0,0.0,1.0
148,CBS,"Meet the ensemble of talented actors slated to join $1, a new mystery series coming to CBS All Access:‚Ä¶ https://t.co/QoyYv7vxwg",Tue Mar 06 18:10:59 +0000 2018,0.6705,0.244,0.0,0.756
149,CBS,"Will @Jason_Aldean, @garthbrooks, @LukeBryanOnline, @ChrisStapleton, or @KeithUrban be named Entertainer Of The Yea‚Ä¶ https://t.co/rMD8zjeX3s",Mon Mar 05 22:16:43 +0000 2018,0.3818,0.167,0.0,0.833
150,CBS,"RT @thegoodfight: It feels good to be back. üë†üíÑüî• The season 2 premiere of #TheGoodFight is now streaming, exclusively on CBS All Access: htt‚Ä¶",Sun Mar 04 08:05:26 +0000 2018,0.4404,0.116,0.0,0.884
151,CBS,"RT @thegoodfight: Tomorrow, #TheGoodFight is back. Stream the season 2 premiere only on CBS All Access: https://t.co/tNFR8LBJO2 https://t.c‚Ä¶",Sat Mar 03 20:55:20 +0000 2018,0.0,0.0,0.0,1.0
152,CBS,"Who are the trailblazing women in your life that inspire you? Join CBS and the ANA's #SeeHer initiative, celebratin‚Ä¶ https://t.co/M0KqZ41Bes",Fri Mar 02 22:30:01 +0000 2018,0.7096,0.247,0.0,0.753
153,CBS,"Join @maria_bello, @aishatyler and @TeaLeoni in celebrating the accomplishments of women who have contributed to th‚Ä¶ https://t.co/MefESBeFL3",Fri Mar 02 20:30:01 +0000 2018,0.7096,0.282,0.0,0.718
154,CBS,"In honor of Women's History Month, CBS and the Association of National Advertisers' (ANA) #SeeHer initiative will p‚Ä¶ https://t.co/2wtYxKJVuO",Fri Mar 02 18:45:00 +0000 2018,0.4939,0.151,0.0,0.849
155,CBS,RT @ZoeListerJones: Tonight‚Äôs an all new Life In Pieces and it‚Äôs directed by my ride or die @nataliaanderson!!!‚Ä¶ https://t.co/2LPfmyLWrY,Thu Mar 01 18:59:01 +0000 2018,-0.6981,0.0,0.21,0.79
156,CBS,"RT @MarenMorris: Hot damn! Woke up from my post-wisdom teeth haze to find out I‚Äôm up for 4 @ACMawards ! So honored, especially for the Dear‚Ä¶",Thu Mar 01 18:12:57 +0000 2018,0.4547,0.159,0.092,0.749
157,CBS,RT @KelseaBallerini: Ohhhhh goodness. Incredible. Thank you thank you thank you. #female https://t.co/1ZTYjNfQeF,Thu Mar 01 18:11:50 +0000 2018,0.8591,0.538,0.0,0.462
158,CBS,RT @KeithUrban: ACMs...... HOLY SMOKES!!!!! MAD LOVE TO U ALL THIS MORNING  FOR THESE INCREDIBLE NOMINATIONS. I‚ÄôM EXTREMELY GRATEFUL!!!!!!!‚Ä¶,Thu Mar 01 18:10:50 +0000 2018,0.4885,0.234,0.151,0.615
159,CBS,"RT @ACMawards: Congratulations to this year‚Äôs #ACMawards Video of the Year nominees:
‚ÄúBlack‚Äù - @DierksBentley
‚ÄúIt Ain‚Äôt My Fault‚Äù - @Brothe‚Ä¶",Thu Mar 01 14:36:21 +0000 2018,0.5994,0.178,0.0,0.822
160,CBS,"RT @ACMawards: Please give a round of applause to this year‚Äôs #ACMawards Entertainer of the Year nominees: @Jason_Aldean, @GarthBrooks, @Lu‚Ä¶",Thu Mar 01 14:29:20 +0000 2018,0.7717,0.325,0.0,0.675
161,CBS,".@ChrisStapleton, @ThomasRhett, @mirandalambert and more are all nominated for awards at Country Music's Party of t‚Ä¶ https://t.co/Vm1vXRUDYJ",Thu Mar 01 14:15:29 +0000 2018,0.6908,0.275,0.0,0.725
162,CBS,"The Queen of Country, @Reba, is returning to host the 53rd #ACMawards on Sunday, April 15 at 8/7c. Here are a few o‚Ä¶ https://t.co/Iqzz6Gql01",Thu Mar 01 13:50:11 +0000 2018,0.0,0.0,0.0,1.0
163,CBS,RT @survivorcbs: It‚Äôs time! #Survivor https://t.co/YPk6cGWrUA,Thu Mar 01 01:04:52 +0000 2018,0.0,0.0,0.0,1.0
164,CBS,"RT @CBSThisMorning: TOMORROW: The nominees for the 2018 @ACMawards will be announced live by the one-and-only, @Reba! 

Watch on @CBS in ou‚Ä¶",Wed Feb 28 19:56:58 +0000 2018,0.0,0.0,0.0,1.0
165,CBS,"RT @thegoodfight: From the set design and costumes to hair and makeup, the production quality is truly next-level. Take a peek inside the u‚Ä¶",Wed Feb 28 19:08:30 +0000 2018,0.4404,0.116,0.0,0.884
166,CBS,RT @LivinBiblically: The fun continues on Facebook! The #LivingBiblically cast is live to talk about tonight‚Äôs premiere. Tune in here: http‚Ä¶,Tue Feb 27 03:23:47 +0000 2018,0.5562,0.152,0.0,0.848
167,CBS,"RT @KevinCanWaitCBS: Can you get all the way through these #KevinCanWait bloopers without laughing?! @KevinJames,@LeahRemini and the rest o‚Ä¶",Mon Feb 26 22:50:32 +0000 2018,0.0,0.0,0.0,1.0
168,CBS,"RT @ACMawards: That‚Äôs right! @Reba is headed to @CBSThisMorning on Thursday, March 1 to announce this year‚Äôs #ACMAwards' nominees. Tune in‚Ä¶",Mon Feb 26 21:08:30 +0000 2018,0.0,0.0,0.0,1.0
169,CBS,"RT @ScorpionCBS: You can't hack your way to a 197 IQ, but you are well on your way with these Genius Facts from #TeamScorpion! üíª You can be‚Ä¶",Mon Feb 26 19:53:41 +0000 2018,0.4482,0.105,0.0,0.895
170,CBS,RT @SuperiorDonuts: You can always count on @DavidKoechner for a laugh! Did your favorite Tush moment make the list? Catch a new #SuperiorD‚Ä¶,Mon Feb 26 18:32:36 +0000 2018,0.784,0.266,0.0,0.734
171,CBS,RT @TheTalkCBS: TODAY: We loved them together then &amp; we love seeing them together now! Welcome back to the show @THESaraGilbert‚Äã's good fri‚Ä¶,Mon Feb 26 18:20:16 +0000 2018,0.9359,0.429,0.0,0.571
172,CBS,"RT @thegoodfight: As foundations begin to crumble, our characters struggle to make sense of this new dystopian world. The cast teases what'‚Ä¶",Mon Feb 26 16:53:56 +0000 2018,-0.5423,0.0,0.184,0.816
173,CBS,"#LivingBiblically's @linzkraft and @jrfergjr appeared on @KCBS's Facebook Live this morning, talking all about what‚Ä¶ https://t.co/4RebcHuuMQ",Mon Feb 26 16:52:01 +0000 2018,0.0,0.0,0.0,1.0
174,CBS,"RT @CBSSports: Introducing CBS Sports HQ, a New 24/7 Direct-to-Consumer Streaming Network for Sports News, Highlights, &amp; Analysis.

Stream‚Ä¶",Mon Feb 26 16:17:55 +0000 2018,0.0,0.0,0.0,1.0
175,CBS,"RT @CBSBigBrother: It‚Äôs down to the final 5 celebrity Houseguests, and anyone could take home the grand prize! Tune in NOW to watch the #BB‚Ä¶",Mon Feb 26 01:12:32 +0000 2018,0.7644,0.231,0.0,0.769
176,CBS,RT @startrekcbs: Binge the entire first season of #StarTrekDiscovery. All episodes now streaming exclusively on CBS All Access: https://t.c‚Ä¶,Sun Feb 25 21:51:32 +0000 2018,0.0,0.0,0.0,1.0
177,CBS,"RT @thegoodfight: #TheGoodFight returns in 1 week. Season 2 premieres Sunday, March 4. https://t.co/nomCao1GWp https://t.co/BOn6bOe9Tb",Sun Feb 25 21:51:22 +0000 2018,0.0,0.0,0.0,1.0
178,CBS,RT @thegoodfight: This is our new favorite thing. Christine Baranski debuted #TheGoodFight the Musical on @colbertlateshow last night! üéµüé§‚Ä¶,Fri Feb 23 18:15:40 +0000 2018,0.5093,0.155,0.0,0.845
179,CBS,"RT @LivinBiblically: Confession time: have YOU ever hit the ""close door"" button in an elevator while somebody was approaching? The cast of‚Ä¶",Thu Feb 22 19:26:52 +0000 2018,0.0,0.0,0.0,1.0
180,CBS,RT @CBSEyeSpeak: Mark your calendars! #CBSEyeSpeak kicks off March 14 with The EYE Speak Summit. Follow our page for more details! https://‚Ä¶,Wed Feb 21 19:20:04 +0000 2018,0.0,0.0,0.0,1.0
181,CBS,"RT @CBSEyeSpeak: Proud to announce a new CBS initiative, promoting female empowerment and developing the next generation of leaders through‚Ä¶",Wed Feb 21 18:19:25 +0000 2018,0.6808,0.248,0.0,0.752
182,CBS,"RT @LivinBiblically: When you're living by the Bible, it's good to have a priest and a rabbi on call (provided they answer their phones, th‚Ä¶",Tue Feb 20 19:55:19 +0000 2018,0.4404,0.116,0.0,0.884
183,CBS,"RT @thegoodfight: Chicago lawyers are being hunted and the world is going insane. 

The new season of #TheGoodFight premieres Sunday, March‚Ä¶",Tue Feb 20 17:58:18 +0000 2018,-0.4019,0.0,0.119,0.881
184,CBS,Ready for some larger than life competition? This new series from @MarkBurnettTV will premiere in summer 2018.‚Ä¶ https://t.co/gDXHLdIJ5v,Tue Feb 20 17:39:51 +0000 2018,0.3612,0.128,0.0,0.872
185,CBS,"With tournament dreams on the line, make sure to stream these college basketball matchups on CBS All Access:‚Ä¶ https://t.co/SGkYUZrQWB",Sat Feb 17 01:07:20 +0000 2018,0.6124,0.227,0.0,0.773
186,CBS,"RT @LivinBiblically: While Chip's sticking to the Bible's original rules, the cast of #LivingBiblically has given them a more modern makeov‚Ä¶",Fri Feb 16 18:42:43 +0000 2018,0.3182,0.108,0.0,0.892
187,CBS,"Casting News! Peter Mark Kendall, Michael Gaston, Greg Wise, Rade ≈†erbed≈æija, Zack Pearlman, and Keye Chen join the‚Ä¶ https://t.co/GFob2KrD8H",Fri Feb 16 17:48:20 +0000 2018,0.68,0.248,0.0,0.752
188,CBS,RT @BullCBS: The verdict is in...#Bull is the perfect Valentine! ‚ù§Ô∏è Happy #ValentinesDay! https://t.co/poEejI4AnC,Wed Feb 14 19:23:27 +0000 2018,0.8619,0.466,0.0,0.534
189,CBS,"RT @NoActivityCBS: Car 27 reporting: Season 2 of #NoActivity coming soon!

Binge season one now on CBS All Access: https://t.co/yvxoQMeyhN‚Ä¶",Tue Feb 13 20:03:56 +0000 2018,0.0,0.0,0.0,1.0
190,CBS,"RT @LivinBiblically: Against all odds (and the advice of his God Squad), Chip is determined to live life by the Good Book. Think you could‚Ä¶",Tue Feb 13 18:54:52 +0000 2018,0.7506,0.252,0.0,0.748
191,CBS,RT @thegoodfight: Christine Baranski reflects upon the spectacular metamorphosis of her character in #TheGoodFight's first season. Revisit‚Ä¶,Mon Feb 12 18:49:45 +0000 2018,0.0,0.0,0.0,1.0
192,CBS,RT @startrekcbs: Binge the entire first season of #StarTrekDiscovery. All 15 episodes now streaming on CBS All Access: https://t.co/lKLaptP‚Ä¶,Mon Feb 12 01:32:33 +0000 2018,0.0,0.0,0.0,1.0
193,CBS,RT @SuperiorDonuts: Looking for a #Valentine? Tush is here to help you land your dream date just in time for the day of love! #SuperiorDonu‚Ä¶,Fri Feb 09 00:50:01 +0000 2018,0.8478,0.304,0.0,0.696
194,CBS,RT @CBSBigBrother: The pressure is on as the Houseguests battle each other for victory in the first HOH competition. Stream the season prem‚Ä¶,Thu Feb 08 16:09:35 +0000 2018,-0.5859,0.0,0.186,0.814
195,CBS,"RT @startrekcbs: Sunday, this season's epic journey reaches its final reckoning. Catch up before the season finale: https://t.co/4Ea5wpmAep‚Ä¶",Wed Feb 07 18:35:19 +0000 2018,0.0516,0.066,0.0,0.934
196,CBS,"Are you a sucker for jaw-dropping talent competitions? Announcing The World's Best, a first-of-its-kind new global‚Ä¶ https://t.co/fagCMklm2Z",Wed Feb 07 16:17:48 +0000 2018,0.5574,0.312,0.152,0.536
197,CBS,"RT @BullCBS: Tonight, one of these 3 TAC employees will end up incarcerated. Who do you think it will be? Tune into a new episode of #Bull‚Ä¶",Tue Feb 06 22:21:39 +0000 2018,0.0,0.0,0.0,1.0
198,CBS,"RT @thegoodfight: There's no season like lawyer season. #TheGoodFight returns March 4, exclusively on CBS All Access. https://t.co/XAlrg1nB‚Ä¶",Tue Feb 06 17:05:49 +0000 2018,0.0772,0.121,0.106,0.773
199,CBS,"RT @thegoodfight: The acclaimed series returns in 1 month. #TheGoodFight is back Sunday, March 4. https://t.co/5BNLTYRd8p https://t.co/yInP‚Ä¶",Sun Feb 04 15:35:36 +0000 2018,0.0,0.0,0.0,1.0
200,CNN,"Stormy Daniels interview adds to ""60 Minutes"" legacy of big hits https://t.co/q5LxP4G2ku https://t.co/IXtljm6IP9",Sun Mar 25 22:00:08 +0000 2018,0.0,0.0,0.0,1.0
201,CNN,Facebook's Zuckerberg says sorry in full-page newspaper ads https://t.co/uchVl0f1EI https://t.co/VkKlB7VzmQ,Sun Mar 25 21:45:11 +0000 2018,-0.0772,0.0,0.126,0.874
202,CNN,A conservative media executive who is close with President Trump said the President told him Saturday he expects mo‚Ä¶ https://t.co/syUiXUZP4i,Sun Mar 25 21:30:11 +0000 2018,0.0,0.0,0.0,1.0
203,CNN,President Trump's attorney says husband-and-wife legal team Joseph diGenova and Victoria Toensing won't join legal‚Ä¶ https://t.co/fTlnDqJ4Bf,Sun Mar 25 21:15:04 +0000 2018,-0.0997,0.086,0.109,0.805
204,CNN,"Everything you need to know ahead of Stormy Daniels' ""60 Minutes"" interview https://t.co/9goGs0LO3J https://t.co/xJ0RDRT1GW",Sun Mar 25 21:03:28 +0000 2018,0.0,0.0,0.0,1.0
205,CNN,Mon√©gasque racing driver Charles Leclerc impresses on debut in Australia https://t.co/lR1qvWSlYn https://t.co/KmYSAA2JVX,Sun Mar 25 20:45:06 +0000 2018,0.4767,0.22,0.0,0.78
206,CNN,Wisconsin students take gun reform fight to House Speaker Paul Ryan's hometown https://t.co/jpKPV0Lm5p https://t.co/wsP3WVHlcH,Sun Mar 25 20:30:04 +0000 2018,-0.6124,0.0,0.294,0.706
207,CNN,"Renaissance popes like Rodrigo Borgia made incredible cultural advancements, but at what cost? The price of progres‚Ä¶ https://t.co/GnxJ683r5B",Sun Mar 25 20:15:19 +0000 2018,0.1901,0.093,0.0,0.907
208,CNN,The key players in the Stormy Daniels scandal https://t.co/4k8CTDlFVi https://t.co/gOFDXmglmx,Sun Mar 25 20:00:07 +0000 2018,-0.4404,0.0,0.244,0.756
209,CNN,What happens when the world's two biggest economies turn on each other https://t.co/kGu99fYZvv https://t.co/JgzxQmVohv,Sun Mar 25 19:45:03 +0000 2018,0.0,0.0,0.0,1.0
210,CNN,Cabinet wives swept up in secretaries' woes https://t.co/gRHqqfoIly https://t.co/zlGvUYxnQS,Sun Mar 25 19:30:07 +0000 2018,-0.4404,0.0,0.266,0.734
211,CNN,"Mark Warner, the top Democrat on the Senate Intelligence Committee, says Mark Zuckerberg needs to testify about Fac‚Ä¶ https://t.co/QZBstaZDg1",Sun Mar 25 19:15:05 +0000 2018,0.5994,0.224,0.0,0.776
212,CNN,"""I hope. ... they know that there is light at the end of the tunnel.""

CNN's Ed Lavandera followed a group of survi‚Ä¶ https://t.co/OOo7eRjDKZ",Sun Mar 25 19:15:00 +0000 2018,0.4404,0.116,0.0,0.884
213,CNN,"Ohio Gov. John Kasich says politicians ""should be held absolutely accountable at the ballot box"" for their inaction‚Ä¶ https://t.co/KHTlD7iUuh",Sun Mar 25 19:01:24 +0000 2018,0.0,0.0,0.0,1.0
214,CNN,"A driver's dramatic rescue from his SUV was caught on camera as floodwaters came rushing through Santa Clarita, Cal‚Ä¶ https://t.co/vP9wOndR4x",Sun Mar 25 18:45:48 +0000 2018,0.5106,0.155,0.0,0.845
215,CNN,The marching students wowed this security mom https://t.co/nRBizoN4s5 | via @CNNOpinion https://t.co/OVjQzh5nq9,Sun Mar 25 18:30:10 +0000 2018,0.7469,0.414,0.0,0.586
216,CNN,Why the Stormy Daniels interview should scare Republicans https://t.co/z6li30k8qv | via @CNNOpinion https://t.co/tIcn4gfX6Q,Sun Mar 25 18:15:53 +0000 2018,-0.4939,0.0,0.225,0.775
217,CNN,"A day after March for Our Lives, the Pope urges youth to speak out https://t.co/MZxgyIY78e https://t.co/ntsRpwZN3L",Sun Mar 25 18:00:07 +0000 2018,0.0,0.0,0.0,1.0
218,CNN,"""(President Trump) is either lying or he is completely delusional."" Democratic Sen. Tim Kaine says Trump's blaming‚Ä¶ https://t.co/faQhA18ng9",Sun Mar 25 17:46:03 +0000 2018,-0.5267,0.0,0.167,0.833
219,CNN,"""If keeping our children's safe was truly Trump's 'top priority,' why did he play golf instead of attend the March‚Ä¶ https://t.co/wt25Y1iJoZ",Sun Mar 25 17:30:10 +0000 2018,0.8402,0.37,0.0,0.63
220,CNN,"What we know about Emma Gonzalez, the fiercely outspoken teen who stunned America with her silence‚Ä¶ https://t.co/KqUj4NlgjT",Sun Mar 25 17:15:14 +0000 2018,-0.1027,0.0,0.08,0.92
221,CNN,"Ohio Gov. John Kasich says politicians ""should be held absolutely accountable at the ballot box""‚Ä¶ https://t.co/543rARLzMr",Sun Mar 25 17:00:08 +0000 2018,0.0,0.0,0.0,1.0
222,CNN,"Russia in the headlines, and a tense meeting between world leaders about nuclear disarmament. Are the events of 196‚Ä¶ https://t.co/PT4S6W2dmN",Sun Mar 25 16:45:23 +0000 2018,-0.34,0.0,0.118,0.882
223,CNN,"The Austin bomber called himself a ""psychopath"" in his confession video https://t.co/7h52eBFkiP https://t.co/umrIxGQrnh",Sun Mar 25 16:31:03 +0000 2018,0.0,0.0,0.0,1.0
224,CNN,"Former Brexit volunteer alleges campaign ""cheated"" https://t.co/fCxTXOTDNK https://t.co/60a1wBlFba",Sun Mar 25 16:24:06 +0000 2018,0.0,0.0,0.0,1.0
225,CNN,A new heroine is flying alongside Wonder Woman and Superman to pull Puerto Rico through hurricane Maria's aftermath‚Ä¶ https://t.co/w4mdgO6vMm,Sun Mar 25 16:00:24 +0000 2018,0.5719,0.179,0.0,0.821
226,CNN,A former cancer patient is now a doctor at the hospital that helped her survive https://t.co/QpZ6HqzylV https://t.co/xWPV9fs5Vz,Sun Mar 25 15:30:07 +0000 2018,-0.6597,0.0,0.239,0.761
227,CNN,These New York police officers were outnumbered in this adorable snowball fight https://t.co/heByQBkT9a,Sun Mar 25 15:01:34 +0000 2018,0.2846,0.216,0.15,0.634
228,CNN,"There has been, on average, 1 school shooting every week this year https://t.co/WOw2gtl9hc https://t.co/CU9U4yCMhP",Sun Mar 25 14:30:12 +0000 2018,0.0,0.0,0.0,1.0
229,CNN,This robotic fish is designed to swim near real aquatic creatures and spy on them without raising suspicions or dis‚Ä¶ https://t.co/RNhdKMTc4A,Sun Mar 25 14:00:00 +0000 2018,0.2755,0.095,0.0,0.905
230,CNN,About half of all plants and animals in 35 of the world's most biodiverse places are at risk of extinction due to c‚Ä¶ https://t.co/eZuNKpx4rK,Sun Mar 25 13:30:11 +0000 2018,-0.2732,0.0,0.084,0.916
231,CNN,Ohio Gov. John Kasich on former California Gov. Arnold Schwarzenegger calling for him to run for president in 2020:‚Ä¶ https://t.co/UTWxFZYmcM,Sun Mar 25 13:29:37 +0000 2018,0.0,0.0,0.0,1.0
232,CNN,"Ohio Gov. John Kasich says incoming national security adviser John Bolton should understand that ""America ""cannot b‚Ä¶ https://t.co/KDokXGRpna",Sun Mar 25 13:26:57 +0000 2018,0.34,0.124,0.0,0.876
233,CNN,"Ohio Gov. John Kasich on the March For Our Lives protests: ‚ÄúIf they do not bring about change, I think people shoul‚Ä¶ https://t.co/OILRSi8KRs",Sun Mar 25 13:26:14 +0000 2018,-0.2263,0.0,0.083,0.917
234,CNN,"‚ÄúHe is either lying or he is completely delusional,‚Äù Sen. Tim Kaine says of President Trump blaming Democrats for f‚Ä¶ https://t.co/6r895RQPep",Sun Mar 25 13:21:56 +0000 2018,-0.765,0.0,0.258,0.742
235,CNN,Sen. Tim Kaine questions if President Trump‚Äôs new pick for national security adviser can get a security clearance:‚Ä¶ https://t.co/RH2ORJTpW6,Sun Mar 25 13:11:48 +0000 2018,0.5859,0.231,0.0,0.769
236,CNN,"""The activism of these young people is actually changing the equation ... they're not going away,"" Sen. Tim Kaine s‚Ä¶ https://t.co/LoTcR2u12c",Sun Mar 25 13:08:39 +0000 2018,0.0,0.0,0.0,1.0
237,CNN,An animatronic T .rex went up in flames at this dinosaur park in Colorado. The park says the blaze was caused by el‚Ä¶ https://t.co/3Xs9dMEKY5,Sun Mar 25 13:00:50 +0000 2018,0.0,0.0,0.0,1.0
238,CNN,"""Black Panther"" is the the most-tweeted about movie of all time, Twitter says https://t.co/Ffh5z9Chys https://t.co/2hhcrpczIX",Sun Mar 25 12:30:03 +0000 2018,0.0,0.0,0.0,1.0
239,CNN,A Tennessee man who was wrongfully imprisoned for 31 years and initially given $75 to start over has been awarded $‚Ä¶ https://t.co/Xxitou66Jv,Sun Mar 25 12:00:05 +0000 2018,-0.0772,0.109,0.121,0.769
240,CNN,Bank of America Merrill Lynch doctored paperwork on 16 million orders to fool institutional clients into thinking s‚Ä¶ https://t.co/EW6uyUvuDd,Sun Mar 25 11:30:11 +0000 2018,-0.4404,0.0,0.139,0.861
241,CNN,Republican Rep. Ryan Costello will drop his bid for reelection in Pennsylvania https://t.co/2tYW2a6mrd https://t.co/8XKF9V45dE,Sun Mar 25 11:00:04 +0000 2018,-0.2732,0.0,0.139,0.861
242,CNN,"Researchers finally solve mystery of ""alien"" skeleton https://t.co/Ymts1gegBE https://t.co/kBJpwYKGyC",Sun Mar 25 10:30:14 +0000 2018,0.2023,0.184,0.0,0.816
243,CNN,"In Sacramento and in Austin, black people just want this https://t.co/QY2mnt7vH1 | via @CNNOpinion https://t.co/NcbVhzuzYE",Sun Mar 25 10:00:03 +0000 2018,0.0772,0.091,0.0,0.909
244,CNN,"In a new memoir, Hillary Clinton's former campaign communications director says the email scandal was a like ""a box‚Ä¶ https://t.co/2qEKrRaoiP",Sun Mar 25 09:30:09 +0000 2018,-0.1027,0.117,0.136,0.748
245,CNN,"This case shows why dog breeders need to be regulated, writes Randi Kaye for @CNNOpinion https://t.co/gqfOi4Kid4 https://t.co/VTIzke2a8c",Sun Mar 25 09:00:04 +0000 2018,0.0,0.0,0.0,1.0
246,CNN,China and the United States are on the brink of a trade war ‚Äî and Apple chief Tim Cook is calling on the countries‚Ä¶ https://t.co/emYdvRdY0y,Sun Mar 25 08:30:11 +0000 2018,-0.2732,0.101,0.141,0.758
247,CNN,I downloaded 14 years of my Facebook data and here's what happened https://t.co/CatT9piwSb https://t.co/iYlZLl8bkv,Sun Mar 25 08:00:12 +0000 2018,0.0,0.0,0.0,1.0
248,CNN,The lawyer President Trump wants to represent him has been dead for 32 years https://t.co/ZYSNTnMfcR https://t.co/zZ4nvZlPkT,Sun Mar 25 07:30:11 +0000 2018,-0.6486,0.0,0.223,0.777
249,CNN,Take a look at this week in politics https://t.co/kcprtfGNys https://t.co/l9sn1TwkeS,Sun Mar 25 07:00:21 +0000 2018,0.0,0.0,0.0,1.0
250,CNN,"""I need allies."" Fresh off a staggering loss for Republicans in Pennsylvania's deep-red 18th district, President Tr‚Ä¶ https://t.co/Kx2Fm2p7mM",Sun Mar 25 06:30:09 +0000 2018,0.0,0.117,0.117,0.765
251,CNN,Tesla to slow shipments in Norway due to unsafe delivery trucks https://t.co/9JSC3KFih1 https://t.co/8ZXKLq1XNU,Sun Mar 25 06:00:14 +0000 2018,0.0,0.0,0.0,1.0
252,CNN,Australian beaches pose dangers to newcomers https://t.co/wv6ILLo3Lg https://t.co/esYlq0aT9m,Sun Mar 25 05:30:03 +0000 2018,-0.4939,0.0,0.314,0.686
253,CNN,Here's what you may have missed at the March for Our Lives rallies https://t.co/ja0geb22RQ https://t.co/aLQN2TqGJB,Sun Mar 25 05:00:10 +0000 2018,-0.296,0.0,0.136,0.864
254,CNN,"""I have a dream that enough is enough. And that this should be a gun-free world. Period."" - Martin Luther King Jr.'‚Ä¶ https://t.co/QNGeEGkvMM",Sun Mar 25 04:30:20 +0000 2018,0.25,0.095,0.0,0.905
255,CNN,"Samantha Fuentes, who was wounded in the mass shooting at Marjory Stoneman Douglas High School, asks the crowd to j‚Ä¶ https://t.co/dRFdWpk0QZ",Sun Mar 25 04:00:37 +0000 2018,0.0,0.0,0.0,1.0
256,CNN,These grandmothers in Texas have had enough of gun violence https://t.co/GrjeoktRf5 https://t.co/fZtTBJKT6V,Sun Mar 25 03:00:17 +0000 2018,-0.7579,0.0,0.394,0.606
257,CNN,"George Clooney, Paul McCartney and more celebrities join March for Our Lives https://t.co/WabPC0OUEk https://t.co/EemR2GmHLv",Sun Mar 25 02:30:14 +0000 2018,0.3566,0.16,0.0,0.84
258,CNN,"Gun violence can happen to anybody, says singer Jennifer Hudson https://t.co/OADln4miDu https://t.co/sD7QJN9rUR",Sun Mar 25 02:16:16 +0000 2018,-0.7579,0.0,0.394,0.606
259,CNN,"While others marched for their lives, these people marched for their guns https://t.co/GiGWjFDzG3 https://t.co/3TXIISsdi8",Sun Mar 25 02:00:06 +0000 2018,0.0,0.0,0.0,1.0
260,CNN,Some of the most powerful signs from the March for Our Lives https://t.co/DhbwVpMOlZ https://t.co/meFpCoHKht,Sun Mar 25 01:45:07 +0000 2018,0.4754,0.192,0.0,0.808
261,CNN,World Trade Center glows orange for the March for Our Lives rallies https://t.co/xO7kt2NboP https://t.co/MFbYZhnw73,Sun Mar 25 01:30:17 +0000 2018,0.0,0.0,0.0,1.0
262,CNN,"""Keep at it. You're leading us forward. Nothing can stand in the way of millions of voices calling for change."" For‚Ä¶ https://t.co/Amnd5zbDYL",Sun Mar 25 01:15:03 +0000 2018,0.0,0.0,0.0,1.0
263,CNN,"11-year-old Naomi Wadler says she speaks at Washington DC rally to ""represent the African-American girls whose stor‚Ä¶ https://t.co/WUwqmanlpW",Sun Mar 25 01:01:36 +0000 2018,0.0,0.0,0.0,1.0
264,CNN,"""One of my best friends was killed in gun violence right around here, so it's important to me,"" says Paul McCartney‚Ä¶ https://t.co/CZfsYBXMNL",Sun Mar 25 00:45:34 +0000 2018,-0.3862,0.258,0.302,0.44
265,CNN,"""We cannot make America safe until we arm our teachers. ... with pencils, paper and the money they need. ... to sup‚Ä¶ https://t.co/WLEW14rwG3",Sun Mar 25 00:30:37 +0000 2018,-0.3412,0.0,0.099,0.901
266,CNN,(üì∑: Atilgan Ozdil/Anadolu Agency/Getty Images),Sun Mar 25 00:23:59 +0000 2018,0.0,0.0,0.0,1.0
267,CNN,"""One of my best friends was killed in gun violence right around here, so it's important to me."" Former Beatle Paul‚Ä¶ https://t.co/E03daVJ6L2",Sun Mar 25 00:15:06 +0000 2018,-0.3862,0.258,0.302,0.44
268,CNN,"Gun violence victim Jennifer Hudson on the Parkland student campaigners: ""I love so much that they're using their e‚Ä¶ https://t.co/xDLiKm1KaY",Sun Mar 25 00:13:59 +0000 2018,-0.5267,0.146,0.299,0.556
269,CNN,"Gun violence victim Jennifer Hudson on the Parkland student campaigners: ""I love so much that they're using their e‚Ä¶ https://t.co/hKkoALRNAL",Sat Mar 24 23:49:43 +0000 2018,-0.5267,0.146,0.299,0.556
270,CNN,"""It's not easy to keep seeing. What is it gonna be next week? Next month?"" an emotional Jennifer Hudson asks‚Ä¶ https://t.co/YhNWMRaGfG",Sat Mar 24 23:47:41 +0000 2018,-0.2883,0.068,0.118,0.813
271,CNN,"""For people who are watching ... know that it can be anybody ... to me, the saddest thing is, no one ever reacts un‚Ä¶ https://t.co/mHXLxhqo6l",Sat Mar 24 23:45:26 +0000 2018,-0.7351,0.0,0.212,0.788
272,CNN,"At the March for Our Lives rally in Washington, Parkland survivor Emma Gonzalez weeps quietly for the majority of h‚Ä¶ https://t.co/vuywFdHAFE",Sat Mar 24 23:45:00 +0000 2018,0.0258,0.105,0.1,0.795
273,CNN,‚ÄúI kind of felt the pain that they (Parkland survivors) feel because at the end of the day it's not about who gets‚Ä¶ https://t.co/L2m8gSb9yS,Sat Mar 24 23:37:50 +0000 2018,-0.5106,0.0,0.125,0.875
274,CNN,"Reflecting on today‚Äôs March for Our Lives, Parkland survivor Samantha Fuentes tells Van Jones she was ‚Äúterrified‚Äù b‚Ä¶ https://t.co/e52P9eyCs9",Sat Mar 24 23:14:50 +0000 2018,0.3612,0.122,0.0,0.878
275,CNN,GOP donor launches gun reform group to coincide with March for Our Lives https://t.co/xI1wPhNmGn https://t.co/N6AXZPFU8r,Sat Mar 24 23:00:16 +0000 2018,-0.34,0.0,0.146,0.854
276,CNN,Why I march: People reveal what compelled them to join March for Our Lives https://t.co/KU2nQLcKIM https://t.co/L9UxYiqix2,Sat Mar 24 22:45:09 +0000 2018,0.34,0.207,0.0,0.793
277,CNN,"Martin Luther King Jr.'s granddaughter addresses March for Our Lives in Washington: ""I have a dream that enough is‚Ä¶ https://t.co/jyXfB8onIg",Sat Mar 24 22:30:38 +0000 2018,0.25,0.1,0.0,0.9
278,CNN,Aerial footage shows the turnout at various March for Our Lives across the US today https://t.co/50KflY3S4X https://t.co/MVxCufnaIQ,Sat Mar 24 22:16:42 +0000 2018,0.0,0.0,0.0,1.0
279,CNN,"""When politicians send their thoughts and prayers with no action, we say 'no more,'"" says Parkland survivor David H‚Ä¶ https://t.co/njlvsdWpd6",Sat Mar 24 22:01:07 +0000 2018,-0.2263,0.105,0.184,0.711
280,CNN,This Parkland shooting victim would have turned 18 today https://t.co/8Q3uetdopL https://t.co/arLlrW0Thl,Sat Mar 24 21:45:10 +0000 2018,-0.2732,0.0,0.174,0.826
281,CNN,"""One of my best friends was killed in gun violence right around here, so it's important to me,"" says Paul McCartney‚Ä¶ https://t.co/JJd58rPbiJ",Sat Mar 24 21:30:14 +0000 2018,-0.3862,0.258,0.302,0.44
282,CNN,"This marcher is only 6. But as her sign says, so were the Sandy Hook victims. https://t.co/zKUpta5M60 https://t.co/yP4kxLeTjf",Sat Mar 24 21:15:05 +0000 2018,-0.3182,0.0,0.119,0.881
283,CNN,Those who couldn't attend the March for Our Lives ‚Äî for health reasons or otherwise ‚Äî found alternative ways to cal‚Ä¶ https://t.co/3sdZyPtiFj,Sat Mar 24 21:02:06 +0000 2018,0.0,0.0,0.0,1.0
284,CNN,"""We cannot make America safe until we arm our teachers. ... with pencils, paper and the money they need. ... to sup‚Ä¶ https://t.co/VtPhBU4IZ8",Sat Mar 24 20:55:29 +0000 2018,-0.3412,0.0,0.099,0.901
285,CNN,Demonstrators have gathered in Washington DC and across the US to demand stricter gun laws. Follow along for live u‚Ä¶ https://t.co/SCzfyryyAZ,Sat Mar 24 20:36:11 +0000 2018,-0.4404,0.0,0.17,0.83
286,CNN,"When a gunman killed 26 at her school, Lauren Milgram, then just 6, hid in a bathroom. Now, the 12-year-old marched‚Ä¶ https://t.co/3FKM9sWYq8",Sat Mar 24 20:29:01 +0000 2018,-0.7096,0.0,0.247,0.753
287,CNN,"""I feel like I'm closer to being an adult than I should be at my age. I should be hanging out with my girlfriends,‚Ä¶ https://t.co/HfoSzBM89B",Sat Mar 24 20:22:07 +0000 2018,0.3612,0.102,0.0,0.898
288,CNN,Here's what the NRA had to say today about the March for Our Lives https://t.co/QLvGtGOar9 https://t.co/TMGtJd15hK,Sat Mar 24 20:14:03 +0000 2018,0.0,0.0,0.0,1.0
289,CNN,The Parkland kids keep checking their privilege https://t.co/uyUQ1yGJHo https://t.co/u6vVVHKwW1,Sat Mar 24 20:07:03 +0000 2018,0.3612,0.238,0.0,0.762
290,CNN,This Parkland survivor threw up on stage and then finished her speech at the March for Our Lives rally in Washingto‚Ä¶ https://t.co/0n4W9blvUI,Sat Mar 24 20:04:13 +0000 2018,0.3612,0.106,0.0,0.894
291,CNN,Parkland school shooting survivor Emma Gonzalez stood on stage for 6 minutes and 20 seconds ‚Äî the time it took the‚Ä¶ https://t.co/53EVcEL3v7,Sat Mar 24 20:04:09 +0000 2018,0.3612,0.116,0.0,0.884
292,CNN,"Samantha Fuentes, who was wounded in the mass shooting at Marjory Stoneman Douglas High School, asks the crowd to j‚Ä¶ https://t.co/0DfmSFip9b",Sat Mar 24 19:50:43 +0000 2018,0.0,0.0,0.0,1.0
293,CNN,These grandmothers in Texas have had enough of gun violence https://t.co/6u7JSeRtFn https://t.co/FiwF9BvIsS,Sat Mar 24 19:40:04 +0000 2018,-0.7579,0.0,0.394,0.606
294,CNN,This 6-year-old is marching in London today carrying a sign with the names of the victims of the 2012 Sandy Hook ma‚Ä¶ https://t.co/JzyXgOHDkT,Sat Mar 24 19:33:03 +0000 2018,-0.3182,0.0,0.099,0.901
295,CNN,These politicians have weighed in on March for Our Lives rallies calling for stricter gun control‚Ä¶ https://t.co/WDopvkFLH0,Sat Mar 24 19:26:03 +0000 2018,-0.34,0.0,0.13,0.87
296,CNN,"At the March for Our Lives rally in Washington, Florida school survivor Emma Gonzalez weeps quietly for the majorit‚Ä¶ https://t.co/eYtm2kTleE",Sat Mar 24 19:19:00 +0000 2018,0.0258,0.109,0.105,0.786
297,CNN,"There's a large sign outside the capitol in Minnesota that says ""ENOUGH"" ‚Äî one of the catchwords for those rallying‚Ä¶ https://t.co/a0L6fBY1aM",Sat Mar 24 19:12:03 +0000 2018,0.0,0.0,0.0,1.0
298,CNN,"""I have a dream that enough is enough. And that this should be a gun-free world. Period."" - Martin Luther King Jr.'‚Ä¶ https://t.co/ZCbCc1csZM",Sat Mar 24 19:05:19 +0000 2018,0.25,0.095,0.0,0.905
299,CNN,"""Stand for us or beware ‚Äî the voters are coming."" Florida school shooting survivor Cameron Kasky gives an impassion‚Ä¶ https://t.co/3LClliCYd1",Sat Mar 24 18:58:44 +0000 2018,0.3612,0.122,0.0,0.878
300,FoxNews,.@realDonaldTrump touts $1.3 trillion budget as win for military; vows more money for border wall https://t.co/CIwjkQj4jc,Sun Mar 25 21:59:56 +0000 2018,0.5719,0.201,0.058,0.741
301,FoxNews,"Yesterday, @davidhogg111: ""Let's put the USA over the @NRA."" #MarchForOurLives https://t.co/2Llc6rFMEf https://t.co/4dOweVpIOR",Sun Mar 25 21:55:00 +0000 2018,0.0,0.0,0.0,1.0
302,FoxNews,U.S. markets - this week. https://t.co/3917lCT0t4,Sun Mar 25 21:50:00 +0000 2018,0.0,0.0,0.0,1.0
303,FoxNews,".@Facebook CEO Mark Zuckerberg took out full-page ads in several newspapers to apologize for the ""breach of trust""‚Ä¶ https://t.co/kcjROJPMbG",Sun Mar 25 21:46:34 +0000 2018,0.1027,0.072,0.0,0.928
304,FoxNews,"Lawyers diGenova, Toensing cannot work on Trump's Russia legal team https://t.co/YakXrPX5bT",Sun Mar 25 21:42:51 +0000 2018,0.128,0.13,0.0,0.87
305,FoxNews,"On @foxandfriends, @PeteHegseth strongly defended the Second Amendment. https://t.co/YRyHLDkaUa https://t.co/vWWZGsmtW3",Sun Mar 25 21:38:00 +0000 2018,0.2732,0.189,0.0,0.811
306,FoxNews,DNC vs. RNC fundraising - 2018 election cycle. https://t.co/nfGU5SXFRO,Sun Mar 25 21:36:53 +0000 2018,0.0,0.0,0.0,1.0
307,FoxNews,"At the #MarchforourLives rally in Washington, D.C. yesterday, Trevon ""Tre"" Bosley, 19, of Chicago, whose brother Te‚Ä¶ https://t.co/hhHEqw6eBa",Sun Mar 25 21:34:47 +0000 2018,0.0,0.0,0.0,1.0
308,FoxNews,"Drone strike in Libya kills 2 'terrorists,' US Africa Command says https://t.co/ZymxMuJ1uX https://t.co/Ss2H2RsZ0T",Sun Mar 25 21:29:44 +0000 2018,-0.6124,0.0,0.333,0.667
309,FoxNews,".@susanferrechio: ""President Obama congratulated Putin in 2012 - there was blatant voter fraud, well-documented.""‚Ä¶ https://t.co/Jz1Z79j5T7",Sun Mar 25 21:25:59 +0000 2018,-0.5859,0.0,0.226,0.774
310,FoxNews,".@AlanDersh: ""There seems to be nothing there at all. No evidence of collusion and collusion is not a crime."" https://t.co/2MxAE8Lewg",Sun Mar 25 21:25:00 +0000 2018,-0.296,0.0,0.109,0.891
311,FoxNews,"RT @EricShawnTV: The #TaylorForceAct is now law, after his parents, #WestPoint classmates, friends and supporters fought for justice for Ta‚Ä¶",Sun Mar 25 21:21:47 +0000 2018,0.7964,0.339,0.083,0.578
312,FoxNews,"Aliso Viejo Mayor Dave Harrington: ""[Mayor @LibbySchaaf] basically committed a felony by harboring those fugitives."" https://t.co/xxur0E3iWy",Sun Mar 25 21:20:00 +0000 2018,-0.34,0.113,0.188,0.699
313,FoxNews,Pro-Second Amendment student @KyleKashuv calls for debate with #MarchForOurLives organizer @cameron_kasky https://t.co/TqqJbQFBFU,Sun Mar 25 21:18:51 +0000 2018,0.0,0.0,0.0,1.0
314,FoxNews,"TONIGHT on @NextRevFNC, @SteveHiltonx talks to Arnold @Schwarzenegger - Tune in at 9p ET on Fox News Channel! https://t.co/j7oe1NDFh3",Sun Mar 25 21:15:17 +0000 2018,0.0,0.0,0.0,1.0
315,FoxNews,"Yesterday, Parkland survivor @Emma4Change called for change during the #MarchForOurLives rally.‚Ä¶ https://t.co/x6f9R2TdDI",Sun Mar 25 21:15:00 +0000 2018,0.3612,0.185,0.0,0.815
316,FoxNews,"On ""America's News Headquarters"" yesterday, @CharlieKirk11 pointed out what he called ""one of the greatest ironies""‚Ä¶ https://t.co/E12f3KBhzX",Sun Mar 25 21:08:00 +0000 2018,0.6369,0.208,0.0,0.792
317,FoxNews,"RT @FoxBusiness: .@POTUS: ""As a matter of national security, I have signed this omnibus budget bill. There are a lot of things I am unhappy‚Ä¶",Sun Mar 25 21:03:56 +0000 2018,0.3612,0.156,0.0,0.844
318,FoxNews,RT @FoxBusiness: Elon Musk‚Äôs $2.6B Tesla compensation approved by shareholders https://t.co/5yZJWksFeK,Sun Mar 25 21:03:52 +0000 2018,0.4215,0.219,0.0,0.781
319,FoxNews,"RT @FoxBusiness: Secretary Mattis: ""In 1790, in George Washington's first annual address to Congress he stated: To be prepared for war is o‚Ä¶",Sun Mar 25 21:03:49 +0000 2018,-0.4588,0.071,0.146,0.784
320,FoxNews,"RT @FoxNewsResearch: Adjusted for inflation, the nearly $1.3 trillion in discretionary spending for FY 2018 is the highest funding level si‚Ä¶",Sun Mar 25 21:02:25 +0000 2018,0.0,0.0,0.0,1.0
321,FoxNews,".@mercedesschlapp: ‚ÄúThe Democrats have become the party of open borders, the party of protecting criminal aliens.‚Äù https://t.co/vGgnjspNT7",Sun Mar 25 20:57:00 +0000 2018,0.25,0.237,0.149,0.614
322,FoxNews,"TONIGHT: 'Legends &amp; Lies' Returns With a Riveting Look at The Civil War - Hosted by Brian @Kilmeade, it all begins‚Ä¶ https://t.co/QCykJmgqgl",Sun Mar 25 20:49:00 +0000 2018,-0.7717,0.0,0.271,0.729
323,FoxNews,".@RepJohnFaso on rebuilding the military: ""We want to make sure we're telling the parents of these service members.‚Ä¶ https://t.co/Mi4kA7Dr2B",Sun Mar 25 20:45:00 +0000 2018,0.3818,0.175,0.0,0.825
324,FoxNews,"In an interview, Parkland survivor @KyleKashuv asked why he was not asked to speak at the #MarchForOurLives - and c‚Ä¶ https://t.co/17GVMMuVds",Sun Mar 25 20:36:32 +0000 2018,0.3612,0.116,0.0,0.884
325,FoxNews,Fast food employee spits in customer's food in viral video https://t.co/S3SrT98TRI,Sun Mar 25 20:33:21 +0000 2018,0.0,0.0,0.0,1.0
326,FoxNews,Students around the country rallied against gun violence Saturday during the #MarchForOurLives. @GillianHTurner has‚Ä¶ https://t.co/R2jKejF3Xe,Sun Mar 25 20:25:23 +0000 2018,-0.7579,0.0,0.333,0.667
327,FoxNews,"On @FoxNewsSunday, @newtgingrich discussed the efficacy of gun control. https://t.co/V8CWvDFWWU",Sun Mar 25 20:21:00 +0000 2018,-0.34,0.0,0.211,0.789
328,FoxNews,Fox News Poll shows President @realDonaldTrump's approval up on job performance and taxes. https://t.co/KuSKFJP5m4 https://t.co/QvRlFWXbnp,Sun Mar 25 20:18:00 +0000 2018,0.4767,0.181,0.0,0.819
329,FoxNews,Poll: 62% say marches will not be effective in passing new gun laws. https://t.co/3ZoNQ8lsJW,Sun Mar 25 20:16:27 +0000 2018,-0.6065,0.0,0.292,0.708
330,FoxNews,".@POTUS signs $1.3 trillion budget deal, avoiding a government shutdown. @ellisonbarber has the story.‚Ä¶ https://t.co/BC84DJ50H0",Sun Mar 25 20:14:22 +0000 2018,-0.34,0.0,0.156,0.844
331,FoxNews,.@CardinalDolan: @TheDemocrats abandoned Catholics. https://t.co/eJ5kXrVjNk https://t.co/fZSPB3vmt6,Sun Mar 25 20:12:21 +0000 2018,-0.4588,0.0,0.375,0.625
332,FoxNews,OPINION: Bucking the 'Blue Wave' -- Republicans would be smart to focus on Hispanic voters in 2018  https://t.co/Ph2xiLPRAl,Sun Mar 25 20:10:32 +0000 2018,0.4019,0.137,0.0,0.863
333,FoxNews,".@DarrellIssa: ""How do Republicans win? They win by not only embracing @POTUS but helping him go further."" https://t.co/G24L1tqyi8",Sun Mar 25 20:04:47 +0000 2018,0.765,0.336,0.0,0.664
334,FoxNews,New Tavis Smiley witnesses detail sexual misconduct https://t.co/Krf1IVY13E,Sun Mar 25 20:01:18 +0000 2018,0.4019,0.278,0.0,0.722
335,FoxNews,".@KimStrassel: ""Whenever you're talking about regulating an organization like [@Facebook}, you are in essence talki‚Ä¶ https://t.co/YSM7THzQzZ",Sun Mar 25 19:50:55 +0000 2018,0.3612,0.143,0.0,0.857
336,FoxNews,".@JudgeJeanine Rips Ryan, McConnell: Your Omnibus Spending Package Is 'A Total Betrayal' of Trump
https://t.co/88ds6UHWN4",Sun Mar 25 19:49:32 +0000 2018,-0.5859,0.0,0.213,0.787
337,FoxNews,"Trump administration backs UK after ex-spy poisoning, considers 'options' against Russia https://t.co/N0NZ36bxip",Sun Mar 25 19:44:21 +0000 2018,-0.6124,0.0,0.333,0.667
338,FoxNews,.@SecondLady and @charlipence talk to Chris Wallace about #MarlonBundoBook. https://t.co/3UqdgZ8A7k,Sun Mar 25 19:38:00 +0000 2018,0.0,0.0,0.0,1.0
339,FoxNews,#PalmSunday procession marks start of Holy Week https://t.co/B3rUP0w0AV,Sun Mar 25 19:34:15 +0000 2018,0.0,0.0,0.0,1.0
340,FoxNews,"30 of the 71 living Medal of Honor recipients receive an honor guard in New York before flying to Washington, to ma‚Ä¶ https://t.co/dylF19nH3c",Sun Mar 25 19:34:00 +0000 2018,0.8591,0.322,0.0,0.678
341,FoxNews,"'Maybe That's the Way to Run a Reality Show': Dem Sen Rips Trump, Says WH 'Chaos' Hurts America
https://t.co/ykPvj5gixy",Sun Mar 25 19:28:11 +0000 2018,-0.4767,0.0,0.154,0.846
342,FoxNews,"Jason Miller on Russia investigation: ""Right now the only one who's telling the story are President‚Ä¶ https://t.co/SxejNkYzK4",Sun Mar 25 19:24:07 +0000 2018,0.0,0.0,0.0,1.0
343,FoxNews,"On @WattersWorld, @DiamondandSilk sounded off about the @JoeBiden-@realDonaldTrump feud. https://t.co/QXi7utrBKu https://t.co/7sV3oKK6jg",Sun Mar 25 19:19:00 +0000 2018,-0.34,0.0,0.194,0.806
344,FoxNews,State Rep. Susan Lynn: ‚Äú‚ÄôIn God We Trust‚Äô is a guiding principle for our nation.‚Äù https://t.co/Y1LSJgFwod https://t.co/Z1JA6oGQ1B,Sun Mar 25 19:18:00 +0000 2018,0.2732,0.123,0.0,0.877
345,FoxNews,".@newtgingrich on Pompeo, @AmbJohnBolton: ""They'll be going in the room saying [to @POTUS] how can we help get what‚Ä¶ https://t.co/6vulhVudPs",Sun Mar 25 19:16:24 +0000 2018,0.4019,0.124,0.0,0.876
346,FoxNews,".@stevenmnuchin1 on spending bill: ""It was a difficult decision for the president, and I understand that, because t‚Ä¶ https://t.co/GSPJZtfbFm",Sun Mar 25 19:11:30 +0000 2018,-0.3612,0.0,0.135,0.865
347,FoxNews,China's space station expected to hit Earth soon -- possibly in Europe https://t.co/ZdgOxvcFyU,Sun Mar 25 19:09:06 +0000 2018,0.0,0.0,0.0,1.0
348,FoxNews,"Apple's Tim Cook calls for regulation on data, says Facebook incident is 'dire' https://t.co/Aog20fdyhj (via @christocarbone)",Sun Mar 25 19:02:00 +0000 2018,0.0,0.0,0.0,1.0
349,FoxNews,".@SecondLady: ""The only thing better than one bunny book that benefits charity is two bunny books that benefit char‚Ä¶ https://t.co/85O4vdgyCx",Sun Mar 25 19:00:25 +0000 2018,0.8834,0.414,0.0,0.586
350,FoxNews,"TONIGHT: 'Legends &amp; Lies' Returns With a Riveting Look at The Civil War - Hosted by Brian @Kilmeade, it all begins‚Ä¶ https://t.co/9rpGvpUdpi",Sun Mar 25 19:00:01 +0000 2018,-0.7717,0.0,0.271,0.729
351,FoxNews,".@stevenmnuchin1 on China tariffs: ""In a negotiation, you have to be prepared to take action. And that's what Presi‚Ä¶ https://t.co/SErLJp0A1D",Sun Mar 25 18:59:22 +0000 2018,0.2263,0.095,0.0,0.905
352,FoxNews,".@stevenmnuchin1: ""This is a president that absolutely believes in free trade, but wants free and fair trade, and h‚Ä¶ https://t.co/uAn0hJEc7h",Sun Mar 25 18:56:11 +0000 2018,0.8772,0.386,0.0,0.614
353,FoxNews,".@DevinNunes: ""We also found no collusion between the Trump campaign but we did find links between the Clinton [cam‚Ä¶ https://t.co/D2LyvqOsSW",Sun Mar 25 18:56:00 +0000 2018,-0.1531,0.0,0.078,0.922
354,FoxNews,"On ""Cavuto Live,"" @cvpayne gave his take on the U.S.'s approach to economic competition from China.‚Ä¶ https://t.co/m0gr5hCtGB",Sun Mar 25 18:55:30 +0000 2018,0.0,0.0,0.0,1.0
355,FoxNews,".@newtgingrich: ""There are five cities in America that have most of the killings in America, five cities. All five‚Ä¶ https://t.co/Q69jm2YyA2",Sun Mar 25 18:43:54 +0000 2018,-0.6969,0.0,0.2,0.8
356,FoxNews,"Drunk man steals beef jerky from 7-Eleven, breaks into New York home and urinates on porch, cops say https://t.co/rxJ1amJw8H",Sun Mar 25 18:40:12 +0000 2018,-0.6908,0.0,0.251,0.749
357,FoxNews,".@delaneytarr: ""We can never go back to school and feel the same that we once did. That‚Äôs just not a possibility an‚Ä¶ https://t.co/cqO1H0wJF5",Sun Mar 25 18:39:04 +0000 2018,0.0,0.0,0.0,1.0
358,FoxNews,".@delaneytarr on Maryland school shooting: ""I'm glad that that sheriff had a gun, because he is a person who should‚Ä¶ https://t.co/IhNEAXgNkJ",Sun Mar 25 18:33:41 +0000 2018,0.1531,0.134,0.107,0.759
359,FoxNews,".@cameron_kasky: ""We are not just marching to end school violence. We are marching to end violence all over the cou‚Ä¶ https://t.co/qYUNffCkYl",Sun Mar 25 18:29:53 +0000 2018,-0.8481,0.0,0.301,0.699
360,FoxNews,".@cameron_kasky on school safety: ""There's no specific mental health problem that makes all these shootings happen,‚Ä¶ https://t.co/6KHyUVsPKb",Sun Mar 25 18:27:12 +0000 2018,-0.2732,0.129,0.226,0.645
361,FoxNews,Fox News Poll: 45% approve of President @realDonaldTrump's job performance. https://t.co/xUdGnR4tgC https://t.co/yzbJdWMwsa,Sun Mar 25 18:27:00 +0000 2018,0.0,0.0,0.0,1.0
362,FoxNews,Florida's action on guns since the Parkland shooting. #FoxNewsSunday https://t.co/8Ax1ZJ3Ewf,Sun Mar 25 18:23:24 +0000 2018,0.0,0.0,0.0,1.0
363,FoxNews,National action taken on guns since the Parkland shooting. #FoxNewsSunday https://t.co/Pe8uHGSrf6,Sun Mar 25 18:22:42 +0000 2018,0.0,0.0,0.0,1.0
364,FoxNews,".@cameron_kasky on #MarchForOurLives: ""The fact that young people everywhere were taking initiative, standing up an‚Ä¶ https://t.co/GITQcjOOyV",Sun Mar 25 18:22:05 +0000 2018,0.0,0.0,0.0,1.0
365,FoxNews,"Fox News Poll: Proposals to reduce gun violence - percent saying ""favor."" https://t.co/GBFEtQnnmL https://t.co/gCFO4BRMZZ",Sun Mar 25 18:11:16 +0000 2018,-0.7579,0.0,0.371,0.629
366,FoxNews,"Rapper @KillerMike, who endorsed @BernieSanders for president, ripped supporters of the school walkouts in favor of‚Ä¶ https://t.co/XeLni8Eyn3",Sun Mar 25 18:01:27 +0000 2018,0.7096,0.341,0.076,0.583
367,FoxNews,"Roughly 100,000 Puerto Ricans still without power after hurricane hit 6 months ago; @BryanLlenas reports. https://t.co/ObWOE3JJcz",Sun Mar 25 17:59:54 +0000 2018,0.0,0.0,0.0,1.0
368,FoxNews,First direct flight from Australia to London touches down https://t.co/UeV4OWo6iR,Sun Mar 25 17:56:55 +0000 2018,0.0,0.0,0.0,1.0
369,FoxNews,"On @foxandfriends‚Äã, @GovMikeHuckabee‚Äã called for focusing on facts rather than emotion in the gun control debate.‚Ä¶ https://t.co/gsxyP4nEJE",Sun Mar 25 17:48:00 +0000 2018,-0.34,0.0,0.13,0.87
370,FoxNews,Man sucker punches 5-year-old in face on New York City subway: cops https://t.co/yzcyCvzbJR,Sun Mar 25 17:47:19 +0000 2018,-0.5267,0.0,0.221,0.779
371,FoxNews,Fox News Poll: 37% favor allowing teachers to carry guns. https://t.co/GBFEtQnnmL https://t.co/x0xksOQfCE,Sun Mar 25 17:39:44 +0000 2018,0.4019,0.197,0.0,0.803
372,FoxNews,China conducts air force drills again in disputed South China Sea https://t.co/ZzKmtRUE1E (via @christocarbone),Sun Mar 25 17:38:00 +0000 2018,-0.34,0.0,0.156,0.844
373,FoxNews,"Roughly 800,000 people participated in the #MarchforourLives rally in Washington; @GillianHTurner reports. https://t.co/ntPYN1CEaM",Sun Mar 25 17:37:23 +0000 2018,0.0,0.0,0.0,1.0
374,FoxNews,Fox News Poll: Which is more important to protect? https://t.co/GBFEtQnnmL https://t.co/MIr3umHnxQ,Sun Mar 25 17:33:34 +0000 2018,0.6068,0.355,0.0,0.645
375,FoxNews,Christians mark #PalmSunday as Holy Week begins; @ConormPowell reports. https://t.co/r7oxk12u82,Sun Mar 25 17:26:48 +0000 2018,0.0,0.0,0.0,1.0
376,FoxNews,"On @foxandfriends, @robertjeffress praised President @realDonaldTrump's relationship to people of faith.‚Ä¶ https://t.co/LyXDe5XBfl",Sun Mar 25 17:26:00 +0000 2018,0.4939,0.225,0.0,0.775
377,FoxNews,Fox News Poll: Gap narrows on 2018 vote preference https://t.co/xUdGnR4tgC https://t.co/degCXgs9Xw,Sun Mar 25 17:25:00 +0000 2018,0.0,0.0,0.0,1.0
378,FoxNews,"Huntington Beach Mike Posey: ""The biggest consequence for me of course is the Constitutional overreach and the lack‚Ä¶ https://t.co/GRDIgUPVvG",Sun Mar 25 17:25:00 +0000 2018,0.0,0.0,0.0,1.0
379,FoxNews,"$1M in fentanyl seized from Texas trio plotting to mail drugs back from Ohio, authorities say https://t.co/HTldA6B9Nk",Sun Mar 25 17:20:56 +0000 2018,0.0,0.0,0.0,1.0
380,FoxNews,Dramatic South Carolina school bus crash caught on camera https://t.co/LxbXIJYPqy,Sun Mar 25 17:20:38 +0000 2018,-0.4019,0.0,0.231,0.769
381,FoxNews,Matthew Schrier is the first American to escape Al Qaeda captivity in Syria. Now he‚Äôs speaking out about his claims‚Ä¶ https://t.co/pycSo8K1Xu,Sun Mar 25 17:16:00 +0000 2018,0.1779,0.078,0.0,0.922
382,FoxNews,Joseph DiGenova and Victoria Toensing not joining @realDonaldTrump's legal team. https://t.co/dTKLt4Frnl https://t.co/WjQG5j4CRJ,Sun Mar 25 17:08:11 +0000 2018,-0.0951,0.0,0.111,0.889
383,FoxNews,"On ""Sunday Morning Futures,"" @LindseyGrahamSC told @MariaBartiromo that he wants to ""prove that the @FBI investigat‚Ä¶ https://t.co/W1boo88JFD",Sun Mar 25 17:03:00 +0000 2018,0.0,0.0,0.0,1.0
384,FoxNews,"TONIGHT on @NextRevFNC, @SteveHiltonx talks to Arnold @Schwarzenegger - Tune in at 9p ET on Fox News Channel! https://t.co/CEnEwePyUU",Sun Mar 25 17:01:00 +0000 2018,0.0,0.0,0.0,1.0
385,FoxNews,Fox News Poll: 48% approve of President @realDonaldTrump on taxes. https://t.co/xUdGnR4tgC https://t.co/37rmnmdGar,Sun Mar 25 16:56:00 +0000 2018,0.0,0.0,0.0,1.0
386,FoxNews,".@GovMikeHuckabee: ""Emotion is a terrible substitute for truth. It is a terrible substitute for facts... Five times‚Ä¶ https://t.co/64c4KUUTQ0",Sun Mar 25 16:48:39 +0000 2018,-0.5994,0.107,0.288,0.605
387,FoxNews,"Austin bomber called himself a 'psychopath,' had no remorse, congressman says https://t.co/IopCW7KyGG",Sun Mar 25 16:40:36 +0000 2018,-0.5106,0.0,0.323,0.677
388,FoxNews,"Chrissy Teigen quits Snapchat amid Rihanna ad scandal, recent update https://t.co/UjOhHfkd3z",Sun Mar 25 16:38:18 +0000 2018,-0.4404,0.0,0.225,0.775
389,FoxNews,"'I Went Through Hell': Former FBI Agent Says Andrew McCabe 'Targeted', 'Slandered' Her
https://t.co/Sf05PC158b",Sun Mar 25 16:29:10 +0000 2018,0.0,0.0,0.0,1.0
390,FoxNews,.@IvankaTrump: Skill-based education is crucial to putting more Americans on a path to promising careers https://t.co/fwoS2Ee3xd,Sun Mar 25 16:26:27 +0000 2018,0.4019,0.162,0.0,0.838
391,FoxNews,".@PeterRoff: Reading the tea leaves on Bolton and other Trump staff changes 
https://t.co/rf4GbodILR",Sun Mar 25 16:23:30 +0000 2018,0.0,0.0,0.0,1.0
392,FoxNews,Fox News Poll shows President @realDonaldTrump's approval up on job performance and taxes. https://t.co/KuSKFJP5m4 https://t.co/rjbprWvbEA,Sun Mar 25 16:13:30 +0000 2018,0.4767,0.181,0.0,0.819
393,FoxNews,NEWS ALERT: Joseph DiGenova and Victoria Toensing not joining @realDonaldTrump's legal team. https://t.co/D3gUfozUs2,Sun Mar 25 16:07:47 +0000 2018,0.3742,0.192,0.09,0.719
394,FoxNews,Heir to Anheuser-Busch fortune charged with assaulting 6th-grader https://t.co/yg0xYrPkSh,Sun Mar 25 16:06:57 +0000 2018,-0.6249,0.0,0.421,0.579
395,FoxNews,"30 of the 71 living Medal of Honor recipients receive an honor guard in New York before flying to Washington, to ma‚Ä¶ https://t.co/fvkynFQkcY",Sun Mar 25 16:00:01 +0000 2018,0.8591,0.322,0.0,0.678
396,FoxNews,March for Our Lives organizers rally for 'common sense' actions on guns via @FoxNewsSunday https://t.co/9MJs7BU0DF,Sun Mar 25 16:00:01 +0000 2018,0.0,0.0,0.0,1.0
397,FoxNews,"NBA G League player collapses on court, remains under care by doctors https://t.co/3MWWvpMGNG",Sun Mar 25 15:57:55 +0000 2018,0.25,0.208,0.143,0.649
398,FoxNews,".@robertjeffress: ""@POTUS is the most faith-friendly president we've ever had, and that includes Ronald Reagan and‚Ä¶ https://t.co/UV4gNHfewe",Sun Mar 25 15:53:00 +0000 2018,0.0,0.0,0.0,1.0
399,FoxNews,"Texas teen was beaten, had hot cooking oil poured on her after refusing arranged marriage: police https://t.co/TCIuI1UFM0",Sun Mar 25 15:42:37 +0000 2018,-0.6705,0.0,0.268,0.732
400,NYTimes,"In Opinion,
Contributing writer Jennifer Finney Boylan writes, ""Trump‚Äôs cabinet is full of people who seem to know‚Ä¶ https://t.co/XC7txobKnA",Sun Mar 25 22:00:18 +0000 2018,0.0,0.0,0.0,1.0
401,NYTimes,"‚ÄúIt‚Äôs a disaster,‚Äù said Cristiano Davoli, a vigilante hero in the battle against the voracious potholes that have o‚Ä¶ https://t.co/VWyBdtv8k0",Sun Mar 25 21:52:03 +0000 2018,0.25,0.162,0.117,0.721
402,NYTimes,‚ÄúSilicon Valley‚Äù returns to HBO tonight after a particularly terrible week for Silicon Valley https://t.co/MPhzTUmbcM,Sun Mar 25 21:45:12 +0000 2018,-0.5256,0.0,0.207,0.793
403,NYTimes,It took giant robots fighting giant monsters to finally unseat ‚ÄúBlack Panther‚Äù at the top of the box office https://t.co/nIxC1MlXI6,Sun Mar 25 21:30:11 +0000 2018,-0.1779,0.081,0.112,0.807
404,NYTimes,"Many Americans can buy a gun in less than an hour. In some countries, the process takes months. https://t.co/UKtjiHnOpT",Sun Mar 25 21:15:03 +0000 2018,-0.34,0.0,0.124,0.876
405,NYTimes,Hungary‚Äôs opposition parties could stop Viktor Orban from winning another majority ‚Äî but only if they work together https://t.co/Trjb7Ggjnw,Sun Mar 25 21:00:15 +0000 2018,0.3506,0.196,0.077,0.726
406,NYTimes,Emma Gonz√°lez spoke for just under 2 minutes. Then she was silent for 4 minutes and 26 seconds. https://t.co/rUWqaXlTWT,Sun Mar 25 20:52:06 +0000 2018,0.0,0.0,0.0,1.0
407,NYTimes,"RT @Choire: so barry diller also has three dog clones and he's the one who told barbra streisand to clone her dogs, we will not rest till w‚Ä¶",Sun Mar 25 20:44:58 +0000 2018,0.0,0.0,0.0,1.0
408,NYTimes,"No. 1 Villanova is back in the Final Four for the second time in 3 years after holding off Texas Tech, 71-59 https://t.co/1zR8pqyHGt",Sun Mar 25 20:40:47 +0000 2018,-0.296,0.0,0.099,0.901
409,NYTimes,"Carles Puigdemont, the former Catalan president who is wanted in Spain on sedition charges, has been detained in Ge‚Ä¶ https://t.co/hb0yJm40y5",Sun Mar 25 20:30:03 +0000 2018,-0.765,0.0,0.309,0.691
410,NYTimes,"Immigrants increasingly care for America's elderly population. If ""chain migration"" ends, will enough Americans ste‚Ä¶ https://t.co/kn3MwfFIG3",Sun Mar 25 20:15:06 +0000 2018,0.4939,0.176,0.0,0.824
411,NYTimes,The military strike signals a possibly significant expansion of the American counterterrorism campaign in Libya https://t.co/qBhryVi3mN,Sun Mar 25 20:00:07 +0000 2018,0.0772,0.11,0.092,0.798
412,NYTimes,Three explosions in 4 days have shattered the Somalian capital and left a trail of carnage in their wake https://t.co/aDUJFEImSS,Sun Mar 25 19:45:02 +0000 2018,-0.4767,0.0,0.154,0.846
413,NYTimes,"As Republicans struggle on guns, a conservative donor warns: ‚ÄúThe NRA is really out of step with suburban GOP voter‚Ä¶ https://t.co/WD2QKH2wn4",Sun Mar 25 19:30:07 +0000 2018,-0.4019,0.0,0.171,0.829
414,NYTimes,Immigration begins and ends well beyond the physical border ‚Äî a line where fear and hope collide to shape American‚Ä¶ https://t.co/UYXGwpqPWG,Sun Mar 25 19:15:03 +0000 2018,0.128,0.204,0.184,0.612
415,NYTimes,A Cambridge Analytica-linked company was allegedly used by pro-Brexit campaigners to evade British election spendin‚Ä¶ https://t.co/NUZv8NGou3,Sun Mar 25 19:00:13 +0000 2018,0.0,0.0,0.0,1.0
416,NYTimes,RT @nickconfessore: Facebook took out ads in the @nytimes (and @washingtonpost + British papers) apologizing for Cambridge Analytica breach‚Ä¶,Sun Mar 25 18:51:41 +0000 2018,-0.0772,0.0,0.071,0.929
417,NYTimes,Qantas Airways made a giant leap forward in long-haul travel with its first non-stop flight between Australia and B‚Ä¶ https://t.co/a8fz0npCK2,Sun Mar 25 18:45:05 +0000 2018,0.0,0.0,0.0,1.0
418,NYTimes,‚ÄúI hope in the future for some form of reconciliation. Because I think all men are guilty. I‚Äôm not talking about ra‚Ä¶ https://t.co/Pmjn6Q666o,Sun Mar 25 18:30:07 +0000 2018,0.0258,0.113,0.109,0.778
419,NYTimes,"RT @nytopinion: Even if trans issues don‚Äôt top the list of things you‚Äôre worried about, you should be appalled by Donald Trump's latest epi‚Ä¶",Sun Mar 25 18:21:15 +0000 2018,-0.5267,0.064,0.186,0.75
420,NYTimes,"‚ÄúIt‚Äôs true ‚Äî Jared has been a positive influence,‚Äù said Ger√≥nimo Guti√©rrez, Mexico‚Äôs ambassador to Washington https://t.co/YWy04Ly1lI",Sun Mar 25 18:15:05 +0000 2018,0.7506,0.33,0.0,0.67
421,NYTimes,"Burt Reynolds on the one that got away: ""I‚Äôve had an affair [on the set] with two women in 50 years. Sally Field an‚Ä¶ https://t.co/7M1pQ2xiOI",Sun Mar 25 18:00:18 +0000 2018,0.0,0.0,0.0,1.0
422,NYTimes,"The ""Roseanne"" reboot premieres on Tuesday. Spend this weekend with some of the classic family sitcom's best episod‚Ä¶ https://t.co/kOXRbBygDe",Sun Mar 25 17:45:08 +0000 2018,0.6369,0.189,0.0,0.811
423,NYTimes,Here are some recipe suggestions to kick off your week in cooking plans https://t.co/WUyuwyYeHl,Sun Mar 25 17:30:05 +0000 2018,0.0,0.0,0.0,1.0
424,NYTimes,One reader's reaction to hundreds and thousands of demonstrators flooding streets across the globe in protests on S‚Ä¶ https://t.co/Wfql4amZPD,Sun Mar 25 17:15:11 +0000 2018,-0.2263,0.0,0.095,0.905
425,NYTimes,Four members of an Iowa family whose bodies were recently found in a condominium in Mexico died of inhalation of to‚Ä¶ https://t.co/A9pOcXBoly,Sun Mar 25 17:00:09 +0000 2018,-0.5574,0.0,0.153,0.847
426,NYTimes,RT @jessicabennett: Their teachers cleared the room of cars and dolls. They put the boys in charge of the play kitchen. They made the girls‚Ä¶,Sun Mar 25 16:54:05 +0000 2018,0.4215,0.142,0.0,0.858
427,NYTimes,"Joshua Tree is one of the U.S.‚Äôs most popular parks, just 2 hours from Los Angeles. So how did one hiker simply dis‚Ä¶ https://t.co/R4NCdUqGAj",Sun Mar 25 16:45:12 +0000 2018,0.4754,0.123,0.0,0.877
428,NYTimes,"Canada's outdoor rinks are melting. And with them, so is a way of life. https://t.co/peilIX4NeE",Sun Mar 25 16:35:05 +0000 2018,0.0,0.0,0.0,1.0
429,NYTimes,"At a time when women cyclists were viewed as improper, Lillias Campbell Davidson founded the first cycling organiza‚Ä¶ https://t.co/bhWOmb8saS",Sun Mar 25 16:17:01 +0000 2018,0.0,0.0,0.0,1.0
430,NYTimes,"‚ÄúRight now, you are allowed to buy the milk, but you can‚Äôt know anything about the cow,‚Äù says a lawmaker in favor o‚Ä¶ https://t.co/qMOQZoYgMU",Sun Mar 25 16:00:19 +0000 2018,0.5499,0.139,0.0,0.861
431,NYTimes,The Austin bomber and his first victim went to the same barber shop. Investigators are still trying to figure out w‚Ä¶ https://t.co/twBHGD2GWj,Sun Mar 25 15:45:06 +0000 2018,-0.2732,0.0,0.091,0.909
432,NYTimes,The man who kayaked across the Atlantic at 70. David Bowie in 3-D. The women who invented the chocolate chip cookie. https://t.co/goxJYvyWiK,Sun Mar 25 15:30:01 +0000 2018,0.0,0.0,0.0,1.0
433,NYTimes,"In Opinion, 
Op-Ed contributor Fredrik Logevall writes, ""Johnson did what modern American presidents are never supp‚Ä¶ https://t.co/mrWm6kizLN",Sun Mar 25 15:15:03 +0000 2018,0.0,0.0,0.0,1.0
434,NYTimes,"They had a mantra: believe, believe, believe. Now the captivating underdog of the N.C.A.A. basketball tournament ha‚Ä¶ https://t.co/qr8ktOcLWK",Sun Mar 25 15:00:16 +0000 2018,0.0,0.0,0.0,1.0
435,NYTimes,"Breaking News: President Trump won't be hiring 2 lawyers he named just days ago in the Mueller inquiry, indicating‚Ä¶ https://t.co/PVzhDbfMKX",Sun Mar 25 14:54:09 +0000 2018,0.0,0.0,0.0,1.0
436,NYTimes,Five North Koreans set out on the dangerous journey through China to South Korea. They never made it. Their fate is‚Ä¶ https://t.co/LJxw5mvkcj,Sun Mar 25 14:45:04 +0000 2018,-0.4767,0.0,0.129,0.871
437,NYTimes,"""Chicago has been plagued with gun violence way before the Parkland shooting. Suddenly, people are talking about st‚Ä¶ https://t.co/mSp3NPcyNF",Sun Mar 25 14:30:09 +0000 2018,-0.7579,0.0,0.277,0.723
438,NYTimes,"It was a crazy week in Washington, even by Washington standards https://t.co/TmrPiG2sT4",Sun Mar 25 14:15:04 +0000 2018,-0.34,0.0,0.194,0.806
439,NYTimes,"""People with dementia also need adventures. They need to get out, just like us."" https://t.co/8lumDhOq3l",Sun Mar 25 14:03:59 +0000 2018,0.5994,0.274,0.0,0.726
440,NYTimes,"RT @nytopinion: Unlike other industries, gun manufacturers and sellers are shielded from legal accountability. Bowing to years of intensive‚Ä¶",Sun Mar 25 14:00:19 +0000 2018,-0.2263,0.072,0.115,0.813
441,NYTimes,"""Most teenagers talk about drama about girlfriends and boyfriends. And we‚Äôre talking about bomb threats and guns.""‚Ä¶ https://t.co/7CRXvr2rkD",Sun Mar 25 13:45:06 +0000 2018,-0.7184,0.0,0.273,0.727
442,NYTimes,The first American woman to win an Olympic championship died without ever knowing what she had achieved https://t.co/Y8VUBYNj3z,Sun Mar 25 13:30:11 +0000 2018,0.4767,0.265,0.142,0.593
443,NYTimes,"To many in Washington, Stephanie Clifford, better known as Stormy Daniels, has become an unexpected force. It is sh‚Ä¶ https://t.co/IbxjNDzVSK",Sun Mar 25 13:00:09 +0000 2018,0.4404,0.132,0.0,0.868
444,NYTimes,"China Splits Top Jobs at Central Bank, Adding Another Reformer https://t.co/kqJZn15u7I",Sun Mar 25 12:49:37 +0000 2018,0.2023,0.153,0.0,0.847
445,NYTimes,"""We‚Äôre going to be the generation that takes down the gun lobby."" https://t.co/rn5c6E4iCH",Sun Mar 25 12:45:06 +0000 2018,-0.34,0.0,0.167,0.833
446,NYTimes,"One Houston suburb devastated by Harvey is sure to flood again, yet speculators are making a killing buying and res‚Ä¶ https://t.co/nH2iYLmP6e",Sun Mar 25 12:30:02 +0000 2018,-0.7964,0.083,0.303,0.614
447,NYTimes,"Using Digital Firm, Brexit Campaigners Skirted Spending Laws, Ex-Employee Says https://t.co/ioWAG54LPm",Sun Mar 25 12:10:19 +0000 2018,0.0,0.0,0.0,1.0
448,NYTimes,"Slammed in September by Hurricanes Irma and Maria, this lush, wild bit of Puerto Rico is still recovering https://t.co/cdiZ3pR3gQ",Sun Mar 25 12:05:47 +0000 2018,0.0,0.0,0.0,1.0
449,NYTimes,There was no way around the buzz-kill query: Had Steven Spielberg set out to prove that he hadn‚Äôt lost his touch? https://t.co/CK6eQYcO7J,Sun Mar 25 11:46:37 +0000 2018,-0.5423,0.0,0.184,0.816
450,NYTimes,"Internet companies were built on a model in which people gave up their information for free services. Now, that ide‚Ä¶ https://t.co/LudqMS4Osj",Sun Mar 25 11:30:08 +0000 2018,0.5106,0.148,0.0,0.852
451,NYTimes,Photos from the #MarchForOurLives protests around the world https://t.co/2b8lrc9V0k https://t.co/42Bl4MZVB8,Sun Mar 25 11:15:14 +0000 2018,-0.2263,0.0,0.174,0.826
452,NYTimes,Washington is now consumed by a debate over whether Trump‚Äôs new team plans to govern as far to the right as it talks https://t.co/WKM1QDhokY,Sun Mar 25 11:00:19 +0000 2018,0.0,0.0,0.0,1.0
453,NYTimes,"In one of Sweden's gender-free schools, a girl had gotten so loud that she drowned out the boys in the class. The g‚Ä¶ https://t.co/sDnpGPBZoS",Sun Mar 25 10:30:13 +0000 2018,-0.5994,0.0,0.151,0.849
454,NYTimes,City Kitchen: A Crisp Cool-Weather Twist for a Classic Summer Salad https://t.co/GwCas2J716,Sun Mar 25 10:01:34 +0000 2018,0.0,0.0,0.0,1.0
455,NYTimes,The U.S. and China are waging a cold war for global dominance in the tech industry. This week's tariffs duel height‚Ä¶ https://t.co/zuhsChWGAX,Sun Mar 25 10:00:11 +0000 2018,-0.4767,0.073,0.158,0.769
456,NYTimes,Greenhouse Gas Emissions Rose Last Year. Here Are the Top 5 Reasons. https://t.co/Q2L0l8bPcS,Sun Mar 25 09:32:47 +0000 2018,0.2023,0.141,0.0,0.859
457,NYTimes,"‚ÄúHow can this be? How can we have so much information about where he was going to go, or at least where he said he‚Ä¶ https://t.co/NwPn5MbZzy",Sun Mar 25 09:25:03 +0000 2018,0.0,0.0,0.0,1.0
458,NYTimes,There are substantial coverage gaps in traditional Medicare. One of them is care for your teeth. https://t.co/D0v4zTSjMK,Sun Mar 25 09:03:48 +0000 2018,0.6124,0.25,0.0,0.75
459,NYTimes,"Where do these Mets players go when they're hungry for some home cooking? Bravo, of course. https://t.co/aBPw61UmSr",Sun Mar 25 08:47:20 +0000 2018,0.0,0.0,0.0,1.0
460,NYTimes,You'll probably need to do a little shopping to make this traditional dish. But it's well worth it. https://t.co/76aUzX0OB0,Sun Mar 25 08:31:06 +0000 2018,0.4588,0.2,0.0,0.8
461,NYTimes,"Sharing is caring. It's also become a trend at fancy restaurants, and not everyone is thrilled. https://t.co/CV9LAUqxYA",Sun Mar 25 08:14:54 +0000 2018,0.5565,0.28,0.112,0.607
462,NYTimes,Can Facebook be fixed? https://t.co/0BKiz8K04B,Sun Mar 25 07:58:14 +0000 2018,0.0,0.0,0.0,1.0
463,NYTimes,"Sketch Guy: Resistance Is Futile. To Change Habits, Try Replacement Instead. https://t.co/AeoPk8GlFj",Sun Mar 25 07:39:33 +0000 2018,-0.4404,0.0,0.209,0.791
464,NYTimes,Greenhouse gas emissions rose last year. Here are the top 5 reasons. https://t.co/AVc5lUFm2K,Sun Mar 25 07:34:28 +0000 2018,0.2023,0.141,0.0,0.859
465,NYTimes,"The Great Australian Bight, a pristine stretch of ocean, is believed to have enormous natural gas reserves. The loc‚Ä¶ https://t.co/AbefSqKOOO",Sun Mar 25 07:16:06 +0000 2018,0.765,0.28,0.0,0.72
466,NYTimes,The Trump administration raised fears of a trade war after it authorized a series of tariffs explicitly ‚Äî and impli‚Ä¶ https://t.co/pzK3Csxgd5,Sun Mar 25 07:00:25 +0000 2018,-0.7717,0.0,0.295,0.705
467,NYTimes,"In a story with parallels to that of the American soldier Bowe Bergdahl, Gennady Tsevma walked off a Soviet Army ba‚Ä¶ https://t.co/nwna00SbqH",Sun Mar 25 06:42:09 +0000 2018,0.0,0.0,0.0,1.0
468,NYTimes,Is it worth making pita at home? Absolutely. https://t.co/nrB0HnpeTl,Sun Mar 25 06:23:45 +0000 2018,-0.3612,0.154,0.276,0.569
469,NYTimes,"How do you remove 200,000 pounds of trash from Everest? Recruit yaks. https://t.co/HfCnzbSrck",Sun Mar 25 06:05:15 +0000 2018,0.0,0.0,0.0,1.0
470,NYTimes,"There will always be something gray and Dickensian about a bowl of morning porridge. Unless, that is, you add choco‚Ä¶ https://t.co/xBATIFiZ8R",Sun Mar 25 05:46:35 +0000 2018,0.0,0.0,0.0,1.0
471,NYTimes,Need a dinner idea? Try this salmon https://t.co/bHxc5qRygf,Sun Mar 25 05:28:15 +0000 2018,0.0,0.0,0.0,1.0
472,NYTimes,"For those of us pinching our pennies, dining out can seem like an impossible luxury, but it doesn‚Äôt have to be https://t.co/vyi0czqvi7",Sun Mar 25 05:09:40 +0000 2018,0.1901,0.077,0.0,0.923
473,NYTimes,"40% of Americans were obese in 2015 and 2016, a sharp increase from a decade earlier https://t.co/Rsql03shu8",Sun Mar 25 04:51:02 +0000 2018,0.3182,0.141,0.0,0.859
474,NYTimes,"France is celebrating the memory and the courage of Arnaud Beltrame, a 44-year-old police officer who died of his w‚Ä¶ https://t.co/RXCLm92WzK",Sun Mar 25 04:35:34 +0000 2018,0.5106,0.251,0.131,0.618
475,NYTimes,The Saturday Profile: Shining a Cleansing Light on China‚Äôs Dark Secrets https://t.co/lUO49suD7U,Sun Mar 25 04:18:26 +0000 2018,0.0,0.0,0.0,1.0
476,NYTimes,Emma Gonz√°lez spoke for just under 2 minutes. Then she was silent for 4 minutes and 26 seconds. https://t.co/c0XOh6iP0s,Sun Mar 25 04:13:10 +0000 2018,0.0,0.0,0.0,1.0
477,NYTimes,Ruth Wakefield took an ice pick to a chocolate bar and invented an instant classic: the chocolate chip cookie https://t.co/Heiwepqtvm,Sun Mar 25 03:58:13 +0000 2018,0.0,0.0,0.0,1.0
478,NYTimes,"RT @mattfleg: ‚ÄúAt first I thought I wanted to be a journalist,"" Stormy told us. Didn't break that way. How Stephanie Gregory became Stormy‚Ä¶",Sun Mar 25 03:41:04 +0000 2018,0.0,0.0,0.0,1.0
479,NYTimes,Photos from the #MarchForOurLives protests around the world https://t.co/FlH4sFfhhY https://t.co/VE5r9usSCa,Sun Mar 25 03:26:28 +0000 2018,-0.2263,0.0,0.174,0.826
480,NYTimes,"RT @nytimesworld: ""Some noise or incident would remind me of what happened and I would begin shaking all over. People thought I looked cold‚Ä¶",Sun Mar 25 03:19:06 +0000 2018,-0.1779,0.0,0.075,0.925
481,NYTimes,"Put Ziggy Stardust in your living room, and zoom around his glammest looks https://t.co/X4lMkeJ8g7 https://t.co/XtbhAulQvj",Sun Mar 25 03:05:52 +0000 2018,0.0,0.0,0.0,1.0
482,NYTimes,"""I am here today to acknowledge and represent the African-American girls whose stories don't make the front page of‚Ä¶ https://t.co/8ebVDCSlJa",Sun Mar 25 02:55:31 +0000 2018,0.0,0.0,0.0,1.0
483,NYTimes,"Before her head hits the pillow, Sister Jean has one last obligation: As always, she thanks God for the peace in he‚Ä¶ https://t.co/cjVwGoMimf",Sun Mar 25 02:42:05 +0000 2018,0.8176,0.298,0.0,0.702
484,NYTimes,Just 2 female northern white rhinos remain. But scientists are hoping to resurrect the population with advanced ste‚Ä¶ https://t.co/gk7mEVrhER,Sun Mar 25 02:32:19 +0000 2018,0.5859,0.231,0.0,0.769
485,NYTimes,Speaker after speaker at the Chicago protest against gun violence mentioned relatives or classmates who had been wo‚Ä¶ https://t.co/bPQOXszfvY,Sun Mar 25 02:27:34 +0000 2018,-0.8176,0.0,0.347,0.653
486,NYTimes,A Top Candidate for New York Fed‚Äôs Leader: San Francisco‚Äôs https://t.co/UdjKhz3q8s,Sun Mar 25 02:12:38 +0000 2018,0.2023,0.167,0.0,0.833
487,NYTimes,"RT @NYTSports: Loyola-Chicago is in the Final Four. The captivating underdog of the NCAA tournament, 11th-seeded Loyola rolled over ninth-s‚Ä¶",Sun Mar 25 02:05:07 +0000 2018,0.0,0.0,0.0,1.0
488,NYTimes,"At Rallies, Students With a Different View of Gun Violence: As Urban Reality https://t.co/TTiUxRyQfu",Sun Mar 25 01:55:00 +0000 2018,-0.7579,0.0,0.371,0.629
489,NYTimes,Native American women are running for office in record numbers. Some are fighting pipelines. Others are fighting en‚Ä¶ https://t.co/4AXNNJKsqM,Sun Mar 25 01:43:10 +0000 2018,-0.6124,0.0,0.227,0.773
490,NYTimes,"Hundreds of thousands of people marched in cities to protest gun violence, but they were not the only ones to demon‚Ä¶ https://t.co/zn3nGpyO0D",Sun Mar 25 01:32:01 +0000 2018,-0.5789,0.0,0.232,0.768
491,NYTimes,Is Facebook too big to quit? Here are answers to some #DeleteFacebook questions. https://t.co/Mw43uhKFIi,Sun Mar 25 01:24:20 +0000 2018,0.0,0.0,0.0,1.0
492,NYTimes,"They juggle homework with activism. They wince at loud noises. Sometimes, they sleep.

On Saturday, hundreds of stu‚Ä¶ https://t.co/jVB7dm2m22",Sun Mar 25 01:14:18 +0000 2018,0.0,0.0,0.0,1.0
493,NYTimes,"Michel Temer, Brazil‚Äôs Deeply Unpopular President, Signals Run for a New Term https://t.co/3WX8XR74W4",Sun Mar 25 01:07:30 +0000 2018,0.0,0.0,0.0,1.0
494,NYTimes,"Roxanne Shant√© paved the way for female rappers like Foxy Brown, Lil' Kim and Cardi B. And now, her story is being‚Ä¶ https://t.co/f3IIAWB6hy",Sun Mar 25 01:01:29 +0000 2018,0.3612,0.102,0.0,0.898
495,NYTimes,"Nella Larsen published her first novel ""Quicksand"" about mixed-raced identity in 1928. It was widely and positively‚Ä¶ https://t.co/xfVZixjAFc",Sun Mar 25 00:45:09 +0000 2018,0.3182,0.119,0.0,0.881
496,NYTimes,Loyola-Chicago Is in the Final Four After a Rout of Kansas State https://t.co/ccjB7XlK1P,Sun Mar 25 00:24:34 +0000 2018,0.0,0.0,0.0,1.0
497,NYTimes,"Vivica A. Fox: ""I‚Äôm a woman now in my 50s, and I‚Äôm kind of like a phoenix. Whenever they count me out, I always hav‚Ä¶ https://t.co/kwlJ6lhN9H",Sun Mar 25 00:19:42 +0000 2018,0.2975,0.091,0.0,0.909
498,NYTimes,Demonstrators Who Brought Guns and an Opposing Message https://t.co/uyjdwQBO7j,Sun Mar 25 00:01:52 +0000 2018,0.0,0.0,0.0,1.0
499,NYTimes,"Why did this man kayak across the Atlantic Ocean 3 times?
 https://t.co/k6Un2uC2rq",Sat Mar 24 23:51:24 +0000 2018,0.0,0.0,0.0,1.0
